<?xml version="1.0" encoding="UTF-8"?>

<!--XBRL Document Created with the Workiva Platform-->
<!--Copyright 2023 Workiva-->
<!--r:72a41620-1d21-4742-9183-ff632d8b661a,g:732fd3ee-bc0e-4a9f-bb36-770f8dc77a31-->
<link:linkbase xmlns:link="http://www.xbrl.org/2003/linkbase" xmlns:xlink="http://www.w3.org/1999/xlink" xmlns:xsi="http://www.w3.org/2001/XMLSchema-instance" xsi:schemaLocation="http://www.xbrl.org/2003/linkbase http://www.xbrl.org/2003/xbrl-linkbase-2003-12-31.xsd">
  <link:roleRef roleURI="http://docoaktiengesellschaft.com/role/Konzernbilanz" xlink:type="simple" xlink:href="docoag-2023-03-31.xsd#Konzernbilanz"/>
  <link:calculationLink xlink:role="http://docoaktiengesellschaft.com/role/Konzernbilanz" xlink:type="extended">
    <link:loc xlink:type="locator" xlink:label="loc_ifrs-full_EquityAttributableToOwnersOfParent_4e17c2d9-7f61-4318-bda8-7b761a889765" xlink:href="https://xbrl.ifrs.org/taxonomy/2022-03-24/full_ifrs/full_ifrs-cor_2022-03-24.xsd#ifrs-full_EquityAttributableToOwnersOfParent"/>
    <link:loc xlink:type="locator" xlink:label="loc_ifrs-full_AdditionalPaidinCapital_53d11c04-7a18-44f9-bf71-62b53ea63c50" xlink:href="https://xbrl.ifrs.org/taxonomy/2022-03-24/full_ifrs/full_ifrs-cor_2022-03-24.xsd#ifrs-full_AdditionalPaidinCapital"/>
    <link:calculationArc order="1" weight="1.0" xlink:arcrole="http://www.xbrl.org/2003/arcrole/summation-item" xlink:from="loc_ifrs-full_EquityAttributableToOwnersOfParent_4e17c2d9-7f61-4318-bda8-7b761a889765" xlink:to="loc_ifrs-full_AdditionalPaidinCapital_53d11c04-7a18-44f9-bf71-62b53ea63c50" xlink:type="arc"/>
    <link:loc xlink:type="locator" xlink:label="loc_ifrs-full_OtherEquityInterest_fde0f937-f1e8-4561-9c7f-a672c39f0f11" xlink:href="https://xbrl.ifrs.org/taxonomy/2022-03-24/full_ifrs/full_ifrs-cor_2022-03-24.xsd#ifrs-full_OtherEquityInterest"/>
    <link:calculationArc order="2" weight="1.0" xlink:arcrole="http://www.xbrl.org/2003/arcrole/summation-item" xlink:from="loc_ifrs-full_EquityAttributableToOwnersOfParent_4e17c2d9-7f61-4318-bda8-7b761a889765" xlink:to="loc_ifrs-full_OtherEquityInterest_fde0f937-f1e8-4561-9c7f-a672c39f0f11" xlink:type="arc"/>
    <link:loc xlink:type="locator" xlink:label="loc_ifrs-full_RetainedEarnings_cec53b43-911c-4f33-869d-a1b22761327f" xlink:href="https://xbrl.ifrs.org/taxonomy/2022-03-24/full_ifrs/full_ifrs-cor_2022-03-24.xsd#ifrs-full_RetainedEarnings"/>
    <link:calculationArc order="3" weight="1.0" xlink:arcrole="http://www.xbrl.org/2003/arcrole/summation-item" xlink:from="loc_ifrs-full_EquityAttributableToOwnersOfParent_4e17c2d9-7f61-4318-bda8-7b761a889765" xlink:to="loc_ifrs-full_RetainedEarnings_cec53b43-911c-4f33-869d-a1b22761327f" xlink:type="arc"/>
    <link:loc xlink:type="locator" xlink:label="loc_ifrs-full_IssuedCapital_410c1f0a-e909-48c0-9150-15e57457a8c7" xlink:href="https://xbrl.ifrs.org/taxonomy/2022-03-24/full_ifrs/full_ifrs-cor_2022-03-24.xsd#ifrs-full_IssuedCapital"/>
    <link:calculationArc order="4" weight="1.0" xlink:arcrole="http://www.xbrl.org/2003/arcrole/summation-item" xlink:from="loc_ifrs-full_EquityAttributableToOwnersOfParent_4e17c2d9-7f61-4318-bda8-7b761a889765" xlink:to="loc_ifrs-full_IssuedCapital_410c1f0a-e909-48c0-9150-15e57457a8c7" xlink:type="arc"/>
    <link:loc xlink:type="locator" xlink:label="loc_ifrs-full_AccumulatedOtherComprehensiveIncome_fd0c2faf-c76a-48e1-875f-4b48447ec099" xlink:href="https://xbrl.ifrs.org/taxonomy/2022-03-24/full_ifrs/full_ifrs-cor_2022-03-24.xsd#ifrs-full_AccumulatedOtherComprehensiveIncome"/>
    <link:calculationArc order="5" weight="1.0" xlink:arcrole="http://www.xbrl.org/2003/arcrole/summation-item" xlink:from="loc_ifrs-full_EquityAttributableToOwnersOfParent_4e17c2d9-7f61-4318-bda8-7b761a889765" xlink:to="loc_ifrs-full_AccumulatedOtherComprehensiveIncome_fd0c2faf-c76a-48e1-875f-4b48447ec099" xlink:type="arc"/>
    <link:loc xlink:type="locator" xlink:label="loc_ifrs-full_ReserveOfEquityComponentOfConvertibleInstruments_8a211ed4-25e7-4d33-8071-425ebad38b2f" xlink:href="https://xbrl.ifrs.org/taxonomy/2022-03-24/full_ifrs/full_ifrs-cor_2022-03-24.xsd#ifrs-full_ReserveOfEquityComponentOfConvertibleInstruments"/>
    <link:calculationArc order="6" weight="1.0" xlink:arcrole="http://www.xbrl.org/2003/arcrole/summation-item" xlink:from="loc_ifrs-full_EquityAttributableToOwnersOfParent_4e17c2d9-7f61-4318-bda8-7b761a889765" xlink:to="loc_ifrs-full_ReserveOfEquityComponentOfConvertibleInstruments_8a211ed4-25e7-4d33-8071-425ebad38b2f" xlink:type="arc"/>
    <link:loc xlink:type="locator" xlink:label="loc_ifrs-full_EquityAndLiabilities_829126ca-1206-49a5-92fc-3696bf5b1c14" xlink:href="https://xbrl.ifrs.org/taxonomy/2022-03-24/full_ifrs/full_ifrs-cor_2022-03-24.xsd#ifrs-full_EquityAndLiabilities"/>
    <link:loc xlink:type="locator" xlink:label="loc_ifrs-full_Equity_470fded6-8d10-4bb7-8441-7595d8072464" xlink:href="https://xbrl.ifrs.org/taxonomy/2022-03-24/full_ifrs/full_ifrs-cor_2022-03-24.xsd#ifrs-full_Equity"/>
    <link:calculationArc order="1" weight="1.0" xlink:arcrole="http://www.xbrl.org/2003/arcrole/summation-item" xlink:from="loc_ifrs-full_EquityAndLiabilities_829126ca-1206-49a5-92fc-3696bf5b1c14" xlink:to="loc_ifrs-full_Equity_470fded6-8d10-4bb7-8441-7595d8072464" xlink:type="arc"/>
    <link:loc xlink:type="locator" xlink:label="loc_ifrs-full_CurrentLiabilities_f5b98af1-45a1-4c4f-825a-b6a863eb07ce" xlink:href="https://xbrl.ifrs.org/taxonomy/2022-03-24/full_ifrs/full_ifrs-cor_2022-03-24.xsd#ifrs-full_CurrentLiabilities"/>
    <link:calculationArc order="2" weight="1.0" xlink:arcrole="http://www.xbrl.org/2003/arcrole/summation-item" xlink:from="loc_ifrs-full_EquityAndLiabilities_829126ca-1206-49a5-92fc-3696bf5b1c14" xlink:to="loc_ifrs-full_CurrentLiabilities_f5b98af1-45a1-4c4f-825a-b6a863eb07ce" xlink:type="arc"/>
    <link:loc xlink:type="locator" xlink:label="loc_ifrs-full_NoncurrentLiabilities_9064cb82-5823-4fc4-a9bd-1615cbe4691c" xlink:href="https://xbrl.ifrs.org/taxonomy/2022-03-24/full_ifrs/full_ifrs-cor_2022-03-24.xsd#ifrs-full_NoncurrentLiabilities"/>
    <link:calculationArc order="3" weight="1.0" xlink:arcrole="http://www.xbrl.org/2003/arcrole/summation-item" xlink:from="loc_ifrs-full_EquityAndLiabilities_829126ca-1206-49a5-92fc-3696bf5b1c14" xlink:to="loc_ifrs-full_NoncurrentLiabilities_9064cb82-5823-4fc4-a9bd-1615cbe4691c" xlink:type="arc"/>
    <link:loc xlink:type="locator" xlink:label="loc_ifrs-full_Assets_2fd6c760-af4c-4a0a-bb77-49efe08bdf10" xlink:href="https://xbrl.ifrs.org/taxonomy/2022-03-24/full_ifrs/full_ifrs-cor_2022-03-24.xsd#ifrs-full_Assets"/>
    <link:loc xlink:type="locator" xlink:label="loc_ifrs-full_CurrentAssets_aca412e1-d5ac-4706-9f5c-70af4aa0f42f" xlink:href="https://xbrl.ifrs.org/taxonomy/2022-03-24/full_ifrs/full_ifrs-cor_2022-03-24.xsd#ifrs-full_CurrentAssets"/>
    <link:calculationArc order="1" weight="1.0" xlink:arcrole="http://www.xbrl.org/2003/arcrole/summation-item" xlink:from="loc_ifrs-full_Assets_2fd6c760-af4c-4a0a-bb77-49efe08bdf10" xlink:to="loc_ifrs-full_CurrentAssets_aca412e1-d5ac-4706-9f5c-70af4aa0f42f" xlink:type="arc"/>
    <link:loc xlink:type="locator" xlink:label="loc_ifrs-full_NoncurrentAssets_f8c197ae-4c35-4e93-9161-2e25b8e0e024" xlink:href="https://xbrl.ifrs.org/taxonomy/2022-03-24/full_ifrs/full_ifrs-cor_2022-03-24.xsd#ifrs-full_NoncurrentAssets"/>
    <link:calculationArc order="2" weight="1.0" xlink:arcrole="http://www.xbrl.org/2003/arcrole/summation-item" xlink:from="loc_ifrs-full_Assets_2fd6c760-af4c-4a0a-bb77-49efe08bdf10" xlink:to="loc_ifrs-full_NoncurrentAssets_f8c197ae-4c35-4e93-9161-2e25b8e0e024" xlink:type="arc"/>
    <link:loc xlink:type="locator" xlink:label="loc_ifrs-full_CurrentAssets_b76edb85-5c91-4ce9-a7e9-8c6852e6db94" xlink:href="https://xbrl.ifrs.org/taxonomy/2022-03-24/full_ifrs/full_ifrs-cor_2022-03-24.xsd#ifrs-full_CurrentAssets"/>
    <link:loc xlink:type="locator" xlink:label="loc_ifrs-full_Inventories_39c975fe-6bb7-4e4f-85eb-dee753b00602" xlink:href="https://xbrl.ifrs.org/taxonomy/2022-03-24/full_ifrs/full_ifrs-cor_2022-03-24.xsd#ifrs-full_Inventories"/>
    <link:calculationArc order="1" weight="1.0" xlink:arcrole="http://www.xbrl.org/2003/arcrole/summation-item" xlink:from="loc_ifrs-full_CurrentAssets_b76edb85-5c91-4ce9-a7e9-8c6852e6db94" xlink:to="loc_ifrs-full_Inventories_39c975fe-6bb7-4e4f-85eb-dee753b00602" xlink:type="arc"/>
    <link:loc xlink:type="locator" xlink:label="loc_ifrs-full_OtherCurrentFinancialAssets_4c4a4fdf-2738-4eda-857d-8c618e268f5f" xlink:href="https://xbrl.ifrs.org/taxonomy/2022-03-24/full_ifrs/full_ifrs-cor_2022-03-24.xsd#ifrs-full_OtherCurrentFinancialAssets"/>
    <link:calculationArc order="2" weight="1.0" xlink:arcrole="http://www.xbrl.org/2003/arcrole/summation-item" xlink:from="loc_ifrs-full_CurrentAssets_b76edb85-5c91-4ce9-a7e9-8c6852e6db94" xlink:to="loc_ifrs-full_OtherCurrentFinancialAssets_4c4a4fdf-2738-4eda-857d-8c618e268f5f" xlink:type="arc"/>
    <link:loc xlink:type="locator" xlink:label="loc_ifrs-full_NoncurrentAssetsOrDisposalGroupsClassifiedAsHeldForSale_881baba9-2d59-44ba-a0ee-52fa6555f2dc" xlink:href="https://xbrl.ifrs.org/taxonomy/2022-03-24/full_ifrs/full_ifrs-cor_2022-03-24.xsd#ifrs-full_NoncurrentAssetsOrDisposalGroupsClassifiedAsHeldForSale"/>
    <link:calculationArc order="3" weight="1.0" xlink:arcrole="http://www.xbrl.org/2003/arcrole/summation-item" xlink:from="loc_ifrs-full_CurrentAssets_b76edb85-5c91-4ce9-a7e9-8c6852e6db94" xlink:to="loc_ifrs-full_NoncurrentAssetsOrDisposalGroupsClassifiedAsHeldForSale_881baba9-2d59-44ba-a0ee-52fa6555f2dc" xlink:type="arc"/>
    <link:loc xlink:type="locator" xlink:label="loc_ifrs-full_CurrentTaxAssetsCurrent_83044bb3-7da9-4502-bd29-30ec7e5203b8" xlink:href="https://xbrl.ifrs.org/taxonomy/2022-03-24/full_ifrs/full_ifrs-cor_2022-03-24.xsd#ifrs-full_CurrentTaxAssetsCurrent"/>
    <link:calculationArc order="4" weight="1.0" xlink:arcrole="http://www.xbrl.org/2003/arcrole/summation-item" xlink:from="loc_ifrs-full_CurrentAssets_b76edb85-5c91-4ce9-a7e9-8c6852e6db94" xlink:to="loc_ifrs-full_CurrentTaxAssetsCurrent_83044bb3-7da9-4502-bd29-30ec7e5203b8" xlink:type="arc"/>
    <link:loc xlink:type="locator" xlink:label="loc_ifrs-full_CurrentTradeReceivables_325fa405-0a90-48a4-9582-c1b2b571823d" xlink:href="https://xbrl.ifrs.org/taxonomy/2022-03-24/full_ifrs/full_ifrs-cor_2022-03-24.xsd#ifrs-full_CurrentTradeReceivables"/>
    <link:calculationArc order="5" weight="1.0" xlink:arcrole="http://www.xbrl.org/2003/arcrole/summation-item" xlink:from="loc_ifrs-full_CurrentAssets_b76edb85-5c91-4ce9-a7e9-8c6852e6db94" xlink:to="loc_ifrs-full_CurrentTradeReceivables_325fa405-0a90-48a4-9582-c1b2b571823d" xlink:type="arc"/>
    <link:loc xlink:type="locator" xlink:label="loc_ifrs-full_CashAndCashEquivalents_2259fd81-ae7a-4f42-9162-ae44781c94a6" xlink:href="https://xbrl.ifrs.org/taxonomy/2022-03-24/full_ifrs/full_ifrs-cor_2022-03-24.xsd#ifrs-full_CashAndCashEquivalents"/>
    <link:calculationArc order="6" weight="1.0" xlink:arcrole="http://www.xbrl.org/2003/arcrole/summation-item" xlink:from="loc_ifrs-full_CurrentAssets_b76edb85-5c91-4ce9-a7e9-8c6852e6db94" xlink:to="loc_ifrs-full_CashAndCashEquivalents_2259fd81-ae7a-4f42-9162-ae44781c94a6" xlink:type="arc"/>
    <link:loc xlink:type="locator" xlink:label="loc_ifrs-full_OtherCurrentNonfinancialAssets_0214f805-5dc8-4562-b647-65d474ee4484" xlink:href="https://xbrl.ifrs.org/taxonomy/2022-03-24/full_ifrs/full_ifrs-cor_2022-03-24.xsd#ifrs-full_OtherCurrentNonfinancialAssets"/>
    <link:calculationArc order="7" weight="1.0" xlink:arcrole="http://www.xbrl.org/2003/arcrole/summation-item" xlink:from="loc_ifrs-full_CurrentAssets_b76edb85-5c91-4ce9-a7e9-8c6852e6db94" xlink:to="loc_ifrs-full_OtherCurrentNonfinancialAssets_0214f805-5dc8-4562-b647-65d474ee4484" xlink:type="arc"/>
    <link:loc xlink:type="locator" xlink:label="loc_ifrs-full_NoncurrentAssets_57f9224a-4374-4c0f-9186-c758fa4ee639" xlink:href="https://xbrl.ifrs.org/taxonomy/2022-03-24/full_ifrs/full_ifrs-cor_2022-03-24.xsd#ifrs-full_NoncurrentAssets"/>
    <link:loc xlink:type="locator" xlink:label="loc_ifrs-full_InvestmentAccountedForUsingEquityMethod_de6c76fc-685e-4ba8-948a-c401f3e8ed46" xlink:href="https://xbrl.ifrs.org/taxonomy/2022-03-24/full_ifrs/full_ifrs-cor_2022-03-24.xsd#ifrs-full_InvestmentAccountedForUsingEquityMethod"/>
    <link:calculationArc order="1" weight="1.0" xlink:arcrole="http://www.xbrl.org/2003/arcrole/summation-item" xlink:from="loc_ifrs-full_NoncurrentAssets_57f9224a-4374-4c0f-9186-c758fa4ee639" xlink:to="loc_ifrs-full_InvestmentAccountedForUsingEquityMethod_de6c76fc-685e-4ba8-948a-c401f3e8ed46" xlink:type="arc"/>
    <link:loc xlink:type="locator" xlink:label="loc_ifrs-full_IntangibleAssetsAndGoodwill_b7f40e45-e47a-4784-8551-ea8e1215ad9f" xlink:href="https://xbrl.ifrs.org/taxonomy/2022-03-24/full_ifrs/full_ifrs-cor_2022-03-24.xsd#ifrs-full_IntangibleAssetsAndGoodwill"/>
    <link:calculationArc order="2" weight="1.0" xlink:arcrole="http://www.xbrl.org/2003/arcrole/summation-item" xlink:from="loc_ifrs-full_NoncurrentAssets_57f9224a-4374-4c0f-9186-c758fa4ee639" xlink:to="loc_ifrs-full_IntangibleAssetsAndGoodwill_b7f40e45-e47a-4784-8551-ea8e1215ad9f" xlink:type="arc"/>
    <link:loc xlink:type="locator" xlink:label="loc_ifrs-full_InvestmentProperty_5b7d640f-9211-4b83-856b-5da7eb93f33f" xlink:href="https://xbrl.ifrs.org/taxonomy/2022-03-24/full_ifrs/full_ifrs-cor_2022-03-24.xsd#ifrs-full_InvestmentProperty"/>
    <link:calculationArc order="3" weight="1.0" xlink:arcrole="http://www.xbrl.org/2003/arcrole/summation-item" xlink:from="loc_ifrs-full_NoncurrentAssets_57f9224a-4374-4c0f-9186-c758fa4ee639" xlink:to="loc_ifrs-full_InvestmentProperty_5b7d640f-9211-4b83-856b-5da7eb93f33f" xlink:type="arc"/>
    <link:loc xlink:type="locator" xlink:label="loc_ifrs-full_OtherNoncurrentFinancialAssets_e259b2bc-d47f-4b97-9967-04ccbd7ba0dc" xlink:href="https://xbrl.ifrs.org/taxonomy/2022-03-24/full_ifrs/full_ifrs-cor_2022-03-24.xsd#ifrs-full_OtherNoncurrentFinancialAssets"/>
    <link:calculationArc order="4" weight="1.0" xlink:arcrole="http://www.xbrl.org/2003/arcrole/summation-item" xlink:from="loc_ifrs-full_NoncurrentAssets_57f9224a-4374-4c0f-9186-c758fa4ee639" xlink:to="loc_ifrs-full_OtherNoncurrentFinancialAssets_e259b2bc-d47f-4b97-9967-04ccbd7ba0dc" xlink:type="arc"/>
    <link:loc xlink:type="locator" xlink:label="loc_ifrs-full_DeferredTaxAssets_fd53c768-98a7-460d-a210-4f7c776cda18" xlink:href="https://xbrl.ifrs.org/taxonomy/2022-03-24/full_ifrs/full_ifrs-cor_2022-03-24.xsd#ifrs-full_DeferredTaxAssets"/>
    <link:calculationArc order="5" weight="1.0" xlink:arcrole="http://www.xbrl.org/2003/arcrole/summation-item" xlink:from="loc_ifrs-full_NoncurrentAssets_57f9224a-4374-4c0f-9186-c758fa4ee639" xlink:to="loc_ifrs-full_DeferredTaxAssets_fd53c768-98a7-460d-a210-4f7c776cda18" xlink:type="arc"/>
    <link:loc xlink:type="locator" xlink:label="loc_ifrs-full_PropertyPlantAndEquipment_a054fdcb-2014-449a-8e96-7463cf077882" xlink:href="https://xbrl.ifrs.org/taxonomy/2022-03-24/full_ifrs/full_ifrs-cor_2022-03-24.xsd#ifrs-full_PropertyPlantAndEquipment"/>
    <link:calculationArc order="6" weight="1.0" xlink:arcrole="http://www.xbrl.org/2003/arcrole/summation-item" xlink:from="loc_ifrs-full_NoncurrentAssets_57f9224a-4374-4c0f-9186-c758fa4ee639" xlink:to="loc_ifrs-full_PropertyPlantAndEquipment_a054fdcb-2014-449a-8e96-7463cf077882" xlink:type="arc"/>
    <link:loc xlink:type="locator" xlink:label="loc_ifrs-full_OtherNoncurrentNonfinancialAssets_9c24c5bd-f66b-4d6c-bd0f-b9166a91d8e9" xlink:href="https://xbrl.ifrs.org/taxonomy/2022-03-24/full_ifrs/full_ifrs-cor_2022-03-24.xsd#ifrs-full_OtherNoncurrentNonfinancialAssets"/>
    <link:calculationArc order="7" weight="1.0" xlink:arcrole="http://www.xbrl.org/2003/arcrole/summation-item" xlink:from="loc_ifrs-full_NoncurrentAssets_57f9224a-4374-4c0f-9186-c758fa4ee639" xlink:to="loc_ifrs-full_OtherNoncurrentNonfinancialAssets_9c24c5bd-f66b-4d6c-bd0f-b9166a91d8e9" xlink:type="arc"/>
    <link:loc xlink:type="locator" xlink:label="loc_ifrs-full_CurrentLiabilities_af1f3d72-34fa-4065-b418-4c80de02df40" xlink:href="https://xbrl.ifrs.org/taxonomy/2022-03-24/full_ifrs/full_ifrs-cor_2022-03-24.xsd#ifrs-full_CurrentLiabilities"/>
    <link:loc xlink:type="locator" xlink:label="loc_ifrs-full_CurrentProvisions_2c975694-04e4-4be6-81df-bded2a39d1b4" xlink:href="https://xbrl.ifrs.org/taxonomy/2022-03-24/full_ifrs/full_ifrs-cor_2022-03-24.xsd#ifrs-full_CurrentProvisions"/>
    <link:calculationArc order="1" weight="1.0" xlink:arcrole="http://www.xbrl.org/2003/arcrole/summation-item" xlink:from="loc_ifrs-full_CurrentLiabilities_af1f3d72-34fa-4065-b418-4c80de02df40" xlink:to="loc_ifrs-full_CurrentProvisions_2c975694-04e4-4be6-81df-bded2a39d1b4" xlink:type="arc"/>
    <link:loc xlink:type="locator" xlink:label="loc_ifrs-full_OtherCurrentFinancialLiabilities_e4df753f-ef82-409f-93af-861405d0b045" xlink:href="https://xbrl.ifrs.org/taxonomy/2022-03-24/full_ifrs/full_ifrs-cor_2022-03-24.xsd#ifrs-full_OtherCurrentFinancialLiabilities"/>
    <link:calculationArc order="2" weight="1.0" xlink:arcrole="http://www.xbrl.org/2003/arcrole/summation-item" xlink:from="loc_ifrs-full_CurrentLiabilities_af1f3d72-34fa-4065-b418-4c80de02df40" xlink:to="loc_ifrs-full_OtherCurrentFinancialLiabilities_e4df753f-ef82-409f-93af-861405d0b045" xlink:type="arc"/>
    <link:loc xlink:type="locator" xlink:label="loc_ifrs-full_OtherPayables_41c6e447-767f-4824-83c4-b7e6a18c2721" xlink:href="https://xbrl.ifrs.org/taxonomy/2022-03-24/full_ifrs/full_ifrs-cor_2022-03-24.xsd#ifrs-full_OtherPayables"/>
    <link:calculationArc order="3" weight="1.0" xlink:arcrole="http://www.xbrl.org/2003/arcrole/summation-item" xlink:from="loc_ifrs-full_CurrentLiabilities_af1f3d72-34fa-4065-b418-4c80de02df40" xlink:to="loc_ifrs-full_OtherPayables_41c6e447-767f-4824-83c4-b7e6a18c2721" xlink:type="arc"/>
    <link:loc xlink:type="locator" xlink:label="loc_ifrs-full_TradeAndOtherCurrentPayablesToTradeSuppliers_727007a4-0dc8-4f2d-9ca7-861c946c7dde" xlink:href="https://xbrl.ifrs.org/taxonomy/2022-03-24/full_ifrs/full_ifrs-cor_2022-03-24.xsd#ifrs-full_TradeAndOtherCurrentPayablesToTradeSuppliers"/>
    <link:calculationArc order="4" weight="1.0" xlink:arcrole="http://www.xbrl.org/2003/arcrole/summation-item" xlink:from="loc_ifrs-full_CurrentLiabilities_af1f3d72-34fa-4065-b418-4c80de02df40" xlink:to="loc_ifrs-full_TradeAndOtherCurrentPayablesToTradeSuppliers_727007a4-0dc8-4f2d-9ca7-861c946c7dde" xlink:type="arc"/>
    <link:loc xlink:type="locator" xlink:label="loc_ifrs-full_CurrentTaxLiabilitiesCurrent_b8bc0cdf-8446-46d1-b68a-ce49c9d89ef9" xlink:href="https://xbrl.ifrs.org/taxonomy/2022-03-24/full_ifrs/full_ifrs-cor_2022-03-24.xsd#ifrs-full_CurrentTaxLiabilitiesCurrent"/>
    <link:calculationArc order="5" weight="1.0" xlink:arcrole="http://www.xbrl.org/2003/arcrole/summation-item" xlink:from="loc_ifrs-full_CurrentLiabilities_af1f3d72-34fa-4065-b418-4c80de02df40" xlink:to="loc_ifrs-full_CurrentTaxLiabilitiesCurrent_b8bc0cdf-8446-46d1-b68a-ce49c9d89ef9" xlink:type="arc"/>
    <link:loc xlink:type="locator" xlink:label="loc_ifrs-full_LiabilitiesIncludedInDisposalGroupsClassifiedAsHeldForSale_fd5d2787-73ec-4bc5-bf64-b47058a9598f" xlink:href="https://xbrl.ifrs.org/taxonomy/2022-03-24/full_ifrs/full_ifrs-cor_2022-03-24.xsd#ifrs-full_LiabilitiesIncludedInDisposalGroupsClassifiedAsHeldForSale"/>
    <link:calculationArc order="6" weight="1.0" xlink:arcrole="http://www.xbrl.org/2003/arcrole/summation-item" xlink:from="loc_ifrs-full_CurrentLiabilities_af1f3d72-34fa-4065-b418-4c80de02df40" xlink:to="loc_ifrs-full_LiabilitiesIncludedInDisposalGroupsClassifiedAsHeldForSale_fd5d2787-73ec-4bc5-bf64-b47058a9598f" xlink:type="arc"/>
    <link:loc xlink:type="locator" xlink:label="loc_ifrs-full_Equity_c921c338-7e9a-413d-bdd3-cdb22619491c" xlink:href="https://xbrl.ifrs.org/taxonomy/2022-03-24/full_ifrs/full_ifrs-cor_2022-03-24.xsd#ifrs-full_Equity"/>
    <link:loc xlink:type="locator" xlink:label="loc_ifrs-full_EquityAttributableToOwnersOfParent_c67e04ca-9357-4235-908a-bd12b3db02e7" xlink:href="https://xbrl.ifrs.org/taxonomy/2022-03-24/full_ifrs/full_ifrs-cor_2022-03-24.xsd#ifrs-full_EquityAttributableToOwnersOfParent"/>
    <link:calculationArc order="1" weight="1.0" xlink:arcrole="http://www.xbrl.org/2003/arcrole/summation-item" xlink:from="loc_ifrs-full_Equity_c921c338-7e9a-413d-bdd3-cdb22619491c" xlink:to="loc_ifrs-full_EquityAttributableToOwnersOfParent_c67e04ca-9357-4235-908a-bd12b3db02e7" xlink:type="arc"/>
    <link:loc xlink:type="locator" xlink:label="loc_ifrs-full_NoncontrollingInterests_f38dd412-05af-432b-b915-de80d7b26590" xlink:href="https://xbrl.ifrs.org/taxonomy/2022-03-24/full_ifrs/full_ifrs-cor_2022-03-24.xsd#ifrs-full_NoncontrollingInterests"/>
    <link:calculationArc order="2" weight="1.0" xlink:arcrole="http://www.xbrl.org/2003/arcrole/summation-item" xlink:from="loc_ifrs-full_Equity_c921c338-7e9a-413d-bdd3-cdb22619491c" xlink:to="loc_ifrs-full_NoncontrollingInterests_f38dd412-05af-432b-b915-de80d7b26590" xlink:type="arc"/>
    <link:loc xlink:type="locator" xlink:label="loc_ifrs-full_NoncurrentLiabilities_73f21d08-f958-4024-a80e-b59816d4bc13" xlink:href="https://xbrl.ifrs.org/taxonomy/2022-03-24/full_ifrs/full_ifrs-cor_2022-03-24.xsd#ifrs-full_NoncurrentLiabilities"/>
    <link:loc xlink:type="locator" xlink:label="loc_ifrs-full_OtherNoncurrentNonfinancialLiabilities_893736f7-8d81-4505-bc8f-e104d9d2a4ad" xlink:href="https://xbrl.ifrs.org/taxonomy/2022-03-24/full_ifrs/full_ifrs-cor_2022-03-24.xsd#ifrs-full_OtherNoncurrentNonfinancialLiabilities"/>
    <link:calculationArc order="1" weight="1.0" xlink:arcrole="http://www.xbrl.org/2003/arcrole/summation-item" xlink:from="loc_ifrs-full_NoncurrentLiabilities_73f21d08-f958-4024-a80e-b59816d4bc13" xlink:to="loc_ifrs-full_OtherNoncurrentNonfinancialLiabilities_893736f7-8d81-4505-bc8f-e104d9d2a4ad" xlink:type="arc"/>
    <link:loc xlink:type="locator" xlink:label="loc_ifrs-full_DeferredTaxLiabilities_27ede43c-f19d-4acb-b30e-e9d7bd8e2db7" xlink:href="https://xbrl.ifrs.org/taxonomy/2022-03-24/full_ifrs/full_ifrs-cor_2022-03-24.xsd#ifrs-full_DeferredTaxLiabilities"/>
    <link:calculationArc order="2" weight="1.0" xlink:arcrole="http://www.xbrl.org/2003/arcrole/summation-item" xlink:from="loc_ifrs-full_NoncurrentLiabilities_73f21d08-f958-4024-a80e-b59816d4bc13" xlink:to="loc_ifrs-full_DeferredTaxLiabilities_27ede43c-f19d-4acb-b30e-e9d7bd8e2db7" xlink:type="arc"/>
    <link:loc xlink:type="locator" xlink:label="loc_ifrs-full_CurrentTaxLiabilitiesNoncurrent_3823643a-068e-4370-8de8-c4fd008d9993" xlink:href="https://xbrl.ifrs.org/taxonomy/2022-03-24/full_ifrs/full_ifrs-cor_2022-03-24.xsd#ifrs-full_CurrentTaxLiabilitiesNoncurrent"/>
    <link:calculationArc order="3" weight="1.0" xlink:arcrole="http://www.xbrl.org/2003/arcrole/summation-item" xlink:from="loc_ifrs-full_NoncurrentLiabilities_73f21d08-f958-4024-a80e-b59816d4bc13" xlink:to="loc_ifrs-full_CurrentTaxLiabilitiesNoncurrent_3823643a-068e-4370-8de8-c4fd008d9993" xlink:type="arc"/>
    <link:loc xlink:type="locator" xlink:label="loc_ifrs-full_NoncurrentProvisions_065a1f67-77ce-4f60-b0cb-539c2cec7928" xlink:href="https://xbrl.ifrs.org/taxonomy/2022-03-24/full_ifrs/full_ifrs-cor_2022-03-24.xsd#ifrs-full_NoncurrentProvisions"/>
    <link:calculationArc order="4" weight="1.0" xlink:arcrole="http://www.xbrl.org/2003/arcrole/summation-item" xlink:from="loc_ifrs-full_NoncurrentLiabilities_73f21d08-f958-4024-a80e-b59816d4bc13" xlink:to="loc_ifrs-full_NoncurrentProvisions_065a1f67-77ce-4f60-b0cb-539c2cec7928" xlink:type="arc"/>
    <link:loc xlink:type="locator" xlink:label="loc_ifrs-full_BondsIssued_bc1d1be6-ae4e-4189-8e4a-4cdf0c3b344b" xlink:href="https://xbrl.ifrs.org/taxonomy/2022-03-24/full_ifrs/full_ifrs-cor_2022-03-24.xsd#ifrs-full_BondsIssued"/>
    <link:calculationArc order="5" weight="1.0" xlink:arcrole="http://www.xbrl.org/2003/arcrole/summation-item" xlink:from="loc_ifrs-full_NoncurrentLiabilities_73f21d08-f958-4024-a80e-b59816d4bc13" xlink:to="loc_ifrs-full_BondsIssued_bc1d1be6-ae4e-4189-8e4a-4cdf0c3b344b" xlink:type="arc"/>
    <link:loc xlink:type="locator" xlink:label="loc_ifrs-full_OtherNoncurrentFinancialLiabilities_523257a2-88c2-48f7-bfc0-92c6cd50503b" xlink:href="https://xbrl.ifrs.org/taxonomy/2022-03-24/full_ifrs/full_ifrs-cor_2022-03-24.xsd#ifrs-full_OtherNoncurrentFinancialLiabilities"/>
    <link:calculationArc order="6" weight="1.0" xlink:arcrole="http://www.xbrl.org/2003/arcrole/summation-item" xlink:from="loc_ifrs-full_NoncurrentLiabilities_73f21d08-f958-4024-a80e-b59816d4bc13" xlink:to="loc_ifrs-full_OtherNoncurrentFinancialLiabilities_523257a2-88c2-48f7-bfc0-92c6cd50503b" xlink:type="arc"/>
  </link:calculationLink>
  <link:roleRef roleURI="http://docoaktiengesellschaft.com/role/KonzernGewinnundVerlustrechnung" xlink:type="simple" xlink:href="docoag-2023-03-31.xsd#KonzernGewinnundVerlustrechnung"/>
  <link:calculationLink xlink:role="http://docoaktiengesellschaft.com/role/KonzernGewinnundVerlustrechnung" xlink:type="extended">
    <link:loc xlink:type="locator" xlink:label="loc_docoag_EbitdaBetriebsergebnisVorAbschreibungenUndEffektenAusWerthaltigkeitspruefungen_7cb3a773-4a9c-4c7e-96e6-66e047b8413d" xlink:href="docoag-2023-03-31.xsd#docoag_EbitdaBetriebsergebnisVorAbschreibungenUndEffektenAusWerthaltigkeitspruefungen"/>
    <link:loc xlink:type="locator" xlink:label="loc_ifrs-full_OtherExpenseByNature_ed7727fa-2f45-41b3-8b07-cbedfd289b2d" xlink:href="https://xbrl.ifrs.org/taxonomy/2022-03-24/full_ifrs/full_ifrs-cor_2022-03-24.xsd#ifrs-full_OtherExpenseByNature"/>
    <link:calculationArc order="1" weight="-1.0" xlink:arcrole="http://www.xbrl.org/2003/arcrole/summation-item" xlink:from="loc_docoag_EbitdaBetriebsergebnisVorAbschreibungenUndEffektenAusWerthaltigkeitspruefungen_7cb3a773-4a9c-4c7e-96e6-66e047b8413d" xlink:to="loc_ifrs-full_OtherExpenseByNature_ed7727fa-2f45-41b3-8b07-cbedfd289b2d" xlink:type="arc"/>
    <link:loc xlink:type="locator" xlink:label="loc_ifrs-full_Revenue_18c51e6a-8be4-46df-a40d-df19e19aa318" xlink:href="https://xbrl.ifrs.org/taxonomy/2022-03-24/full_ifrs/full_ifrs-cor_2022-03-24.xsd#ifrs-full_Revenue"/>
    <link:calculationArc order="2" weight="1.0" xlink:arcrole="http://www.xbrl.org/2003/arcrole/summation-item" xlink:from="loc_docoag_EbitdaBetriebsergebnisVorAbschreibungenUndEffektenAusWerthaltigkeitspruefungen_7cb3a773-4a9c-4c7e-96e6-66e047b8413d" xlink:to="loc_ifrs-full_Revenue_18c51e6a-8be4-46df-a40d-df19e19aa318" xlink:type="arc"/>
    <link:loc xlink:type="locator" xlink:label="loc_ifrs-full_ShareOfProfitLossOfAssociatesAndJointVenturesAccountedForUsingEquityMethod_dfaffdc8-cc87-4b95-a79e-c9cbbeab2556" xlink:href="https://xbrl.ifrs.org/taxonomy/2022-03-24/full_ifrs/full_ifrs-cor_2022-03-24.xsd#ifrs-full_ShareOfProfitLossOfAssociatesAndJointVenturesAccountedForUsingEquityMethod"/>
    <link:calculationArc order="3" weight="1.0" xlink:arcrole="http://www.xbrl.org/2003/arcrole/summation-item" xlink:from="loc_docoag_EbitdaBetriebsergebnisVorAbschreibungenUndEffektenAusWerthaltigkeitspruefungen_7cb3a773-4a9c-4c7e-96e6-66e047b8413d" xlink:to="loc_ifrs-full_ShareOfProfitLossOfAssociatesAndJointVenturesAccountedForUsingEquityMethod_dfaffdc8-cc87-4b95-a79e-c9cbbeab2556" xlink:type="arc"/>
    <link:loc xlink:type="locator" xlink:label="loc_ifrs-full_EmployeeBenefitsExpense_7ce9392f-68fa-4c2b-9624-27ab74d66c95" xlink:href="https://xbrl.ifrs.org/taxonomy/2022-03-24/full_ifrs/full_ifrs-cor_2022-03-24.xsd#ifrs-full_EmployeeBenefitsExpense"/>
    <link:calculationArc order="4" weight="-1.0" xlink:arcrole="http://www.xbrl.org/2003/arcrole/summation-item" xlink:from="loc_docoag_EbitdaBetriebsergebnisVorAbschreibungenUndEffektenAusWerthaltigkeitspruefungen_7cb3a773-4a9c-4c7e-96e6-66e047b8413d" xlink:to="loc_ifrs-full_EmployeeBenefitsExpense_7ce9392f-68fa-4c2b-9624-27ab74d66c95" xlink:type="arc"/>
    <link:loc xlink:type="locator" xlink:label="loc_ifrs-full_OtherIncome_04129582-1ae3-4968-bf49-29ee795efcb2" xlink:href="https://xbrl.ifrs.org/taxonomy/2022-03-24/full_ifrs/full_ifrs-cor_2022-03-24.xsd#ifrs-full_OtherIncome"/>
    <link:calculationArc order="5" weight="1.0" xlink:arcrole="http://www.xbrl.org/2003/arcrole/summation-item" xlink:from="loc_docoag_EbitdaBetriebsergebnisVorAbschreibungenUndEffektenAusWerthaltigkeitspruefungen_7cb3a773-4a9c-4c7e-96e6-66e047b8413d" xlink:to="loc_ifrs-full_OtherIncome_04129582-1ae3-4968-bf49-29ee795efcb2" xlink:type="arc"/>
    <link:loc xlink:type="locator" xlink:label="loc_ifrs-full_RawMaterialsAndConsumablesUsed_46cdde26-761d-4baf-b532-3882803e7ee3" xlink:href="https://xbrl.ifrs.org/taxonomy/2022-03-24/full_ifrs/full_ifrs-cor_2022-03-24.xsd#ifrs-full_RawMaterialsAndConsumablesUsed"/>
    <link:calculationArc order="6" weight="-1.0" xlink:arcrole="http://www.xbrl.org/2003/arcrole/summation-item" xlink:from="loc_docoag_EbitdaBetriebsergebnisVorAbschreibungenUndEffektenAusWerthaltigkeitspruefungen_7cb3a773-4a9c-4c7e-96e6-66e047b8413d" xlink:to="loc_ifrs-full_RawMaterialsAndConsumablesUsed_46cdde26-761d-4baf-b532-3882803e7ee3" xlink:type="arc"/>
    <link:loc xlink:type="locator" xlink:label="loc_ifrs-full_FinanceIncomeCost_1bc049de-0c82-4d7c-8ccc-3112f3bf22e7" xlink:href="https://xbrl.ifrs.org/taxonomy/2022-03-24/full_ifrs/full_ifrs-cor_2022-03-24.xsd#ifrs-full_FinanceIncomeCost"/>
    <link:loc xlink:type="locator" xlink:label="loc_ifrs-full_OtherFinanceIncomeCost_27d90fc2-71cb-4765-a5eb-85078b6d54ae" xlink:href="https://xbrl.ifrs.org/taxonomy/2022-03-24/full_ifrs/full_ifrs-cor_2022-03-24.xsd#ifrs-full_OtherFinanceIncomeCost"/>
    <link:calculationArc order="1" weight="1.0" xlink:arcrole="http://www.xbrl.org/2003/arcrole/summation-item" xlink:from="loc_ifrs-full_FinanceIncomeCost_1bc049de-0c82-4d7c-8ccc-3112f3bf22e7" xlink:to="loc_ifrs-full_OtherFinanceIncomeCost_27d90fc2-71cb-4765-a5eb-85078b6d54ae" xlink:type="arc"/>
    <link:loc xlink:type="locator" xlink:label="loc_ifrs-full_FinanceCosts_2ab30217-4e2a-412b-ae8b-4544e33ceca1" xlink:href="https://xbrl.ifrs.org/taxonomy/2022-03-24/full_ifrs/full_ifrs-cor_2022-03-24.xsd#ifrs-full_FinanceCosts"/>
    <link:calculationArc order="2" weight="-1.0" xlink:arcrole="http://www.xbrl.org/2003/arcrole/summation-item" xlink:from="loc_ifrs-full_FinanceIncomeCost_1bc049de-0c82-4d7c-8ccc-3112f3bf22e7" xlink:to="loc_ifrs-full_FinanceCosts_2ab30217-4e2a-412b-ae8b-4544e33ceca1" xlink:type="arc"/>
    <link:loc xlink:type="locator" xlink:label="loc_docoag_ErgebnisAusHyperinflationsanpassung_c8a53486-063e-4ad6-9893-0fd771c38076" xlink:href="docoag-2023-03-31.xsd#docoag_ErgebnisAusHyperinflationsanpassung"/>
    <link:calculationArc order="3" weight="1.0" xlink:arcrole="http://www.xbrl.org/2003/arcrole/summation-item" xlink:from="loc_ifrs-full_FinanceIncomeCost_1bc049de-0c82-4d7c-8ccc-3112f3bf22e7" xlink:to="loc_docoag_ErgebnisAusHyperinflationsanpassung_c8a53486-063e-4ad6-9893-0fd771c38076" xlink:type="arc"/>
    <link:loc xlink:type="locator" xlink:label="loc_ifrs-full_FinanceIncome_b7941d5f-e86f-4f02-8c7f-535e933c24a3" xlink:href="https://xbrl.ifrs.org/taxonomy/2022-03-24/full_ifrs/full_ifrs-cor_2022-03-24.xsd#ifrs-full_FinanceIncome"/>
    <link:calculationArc order="4" weight="1.0" xlink:arcrole="http://www.xbrl.org/2003/arcrole/summation-item" xlink:from="loc_ifrs-full_FinanceIncomeCost_1bc049de-0c82-4d7c-8ccc-3112f3bf22e7" xlink:to="loc_ifrs-full_FinanceIncome_b7941d5f-e86f-4f02-8c7f-535e933c24a3" xlink:type="arc"/>
    <link:loc xlink:type="locator" xlink:label="loc_ifrs-full_ProfitLossFromOperatingActivities_46d9c92d-92d1-4bdc-b90c-fc5eefbce2d3" xlink:href="https://xbrl.ifrs.org/taxonomy/2022-03-24/full_ifrs/full_ifrs-cor_2022-03-24.xsd#ifrs-full_ProfitLossFromOperatingActivities"/>
    <link:loc xlink:type="locator" xlink:label="loc_ifrs-full_DepreciationAndAmortisationExpense_5f304dec-6563-4a18-b85d-86eecba4d780" xlink:href="https://xbrl.ifrs.org/taxonomy/2022-03-24/full_ifrs/full_ifrs-cor_2022-03-24.xsd#ifrs-full_DepreciationAndAmortisationExpense"/>
    <link:calculationArc order="1" weight="-1.0" xlink:arcrole="http://www.xbrl.org/2003/arcrole/summation-item" xlink:from="loc_ifrs-full_ProfitLossFromOperatingActivities_46d9c92d-92d1-4bdc-b90c-fc5eefbce2d3" xlink:to="loc_ifrs-full_DepreciationAndAmortisationExpense_5f304dec-6563-4a18-b85d-86eecba4d780" xlink:type="arc"/>
    <link:loc xlink:type="locator" xlink:label="loc_docoag_EbitdaBetriebsergebnisVorAbschreibungenUndEffektenAusWerthaltigkeitspruefungen_59a26f9b-2667-4ca6-8758-b586fc0c4902" xlink:href="docoag-2023-03-31.xsd#docoag_EbitdaBetriebsergebnisVorAbschreibungenUndEffektenAusWerthaltigkeitspruefungen"/>
    <link:calculationArc order="2" weight="1.0" xlink:arcrole="http://www.xbrl.org/2003/arcrole/summation-item" xlink:from="loc_ifrs-full_ProfitLossFromOperatingActivities_46d9c92d-92d1-4bdc-b90c-fc5eefbce2d3" xlink:to="loc_docoag_EbitdaBetriebsergebnisVorAbschreibungenUndEffektenAusWerthaltigkeitspruefungen_59a26f9b-2667-4ca6-8758-b586fc0c4902" xlink:type="arc"/>
    <link:loc xlink:type="locator" xlink:label="loc_ifrs-full_ProfitLossBeforeTax_bbc93a42-0f98-4d52-a403-fb915921b296" xlink:href="https://xbrl.ifrs.org/taxonomy/2022-03-24/full_ifrs/full_ifrs-cor_2022-03-24.xsd#ifrs-full_ProfitLossBeforeTax"/>
    <link:loc xlink:type="locator" xlink:label="loc_ifrs-full_FinanceIncomeCost_76456ea6-7fb2-46ef-968b-8f012f1ff6c7" xlink:href="https://xbrl.ifrs.org/taxonomy/2022-03-24/full_ifrs/full_ifrs-cor_2022-03-24.xsd#ifrs-full_FinanceIncomeCost"/>
    <link:calculationArc order="1" weight="1.0" xlink:arcrole="http://www.xbrl.org/2003/arcrole/summation-item" xlink:from="loc_ifrs-full_ProfitLossBeforeTax_bbc93a42-0f98-4d52-a403-fb915921b296" xlink:to="loc_ifrs-full_FinanceIncomeCost_76456ea6-7fb2-46ef-968b-8f012f1ff6c7" xlink:type="arc"/>
    <link:loc xlink:type="locator" xlink:label="loc_ifrs-full_ProfitLossFromOperatingActivities_a5f718da-fc67-40f5-a04f-10442fb8fdd0" xlink:href="https://xbrl.ifrs.org/taxonomy/2022-03-24/full_ifrs/full_ifrs-cor_2022-03-24.xsd#ifrs-full_ProfitLossFromOperatingActivities"/>
    <link:calculationArc order="2" weight="1.0" xlink:arcrole="http://www.xbrl.org/2003/arcrole/summation-item" xlink:from="loc_ifrs-full_ProfitLossBeforeTax_bbc93a42-0f98-4d52-a403-fb915921b296" xlink:to="loc_ifrs-full_ProfitLossFromOperatingActivities_a5f718da-fc67-40f5-a04f-10442fb8fdd0" xlink:type="arc"/>
    <link:loc xlink:type="locator" xlink:label="loc_ifrs-full_ProfitLoss_73145a4a-0871-4797-a354-bdca29195939" xlink:href="https://xbrl.ifrs.org/taxonomy/2022-03-24/full_ifrs/full_ifrs-cor_2022-03-24.xsd#ifrs-full_ProfitLoss"/>
    <link:loc xlink:type="locator" xlink:label="loc_ifrs-full_ProfitLossBeforeTax_49f45c76-6d8f-4dc1-a7a9-76ef07ee4a6e" xlink:href="https://xbrl.ifrs.org/taxonomy/2022-03-24/full_ifrs/full_ifrs-cor_2022-03-24.xsd#ifrs-full_ProfitLossBeforeTax"/>
    <link:calculationArc order="1" weight="1.0" xlink:arcrole="http://www.xbrl.org/2003/arcrole/summation-item" xlink:from="loc_ifrs-full_ProfitLoss_73145a4a-0871-4797-a354-bdca29195939" xlink:to="loc_ifrs-full_ProfitLossBeforeTax_49f45c76-6d8f-4dc1-a7a9-76ef07ee4a6e" xlink:type="arc"/>
    <link:loc xlink:type="locator" xlink:label="loc_ifrs-full_IncomeTaxExpenseContinuingOperations_6f924a08-4cb5-491b-8c1f-f763e4c16831" xlink:href="https://xbrl.ifrs.org/taxonomy/2022-03-24/full_ifrs/full_ifrs-cor_2022-03-24.xsd#ifrs-full_IncomeTaxExpenseContinuingOperations"/>
    <link:calculationArc order="2" weight="-1.0" xlink:arcrole="http://www.xbrl.org/2003/arcrole/summation-item" xlink:from="loc_ifrs-full_ProfitLoss_73145a4a-0871-4797-a354-bdca29195939" xlink:to="loc_ifrs-full_IncomeTaxExpenseContinuingOperations_6f924a08-4cb5-491b-8c1f-f763e4c16831" xlink:type="arc"/>
  </link:calculationLink>
  <link:roleRef roleURI="http://docoaktiengesellschaft.com/role/KonzernGesamtergebnisrechnung" xlink:type="simple" xlink:href="docoag-2023-03-31.xsd#KonzernGesamtergebnisrechnung"/>
  <link:calculationLink xlink:role="http://docoaktiengesellschaft.com/role/KonzernGesamtergebnisrechnung" xlink:type="extended">
    <link:loc xlink:type="locator" xlink:label="loc_ifrs-full_OtherComprehensiveIncome_43d3ba54-dd3c-41a2-badc-10bd1dbaf02e" xlink:href="https://xbrl.ifrs.org/taxonomy/2022-03-24/full_ifrs/full_ifrs-cor_2022-03-24.xsd#ifrs-full_OtherComprehensiveIncome"/>
    <link:loc xlink:type="locator" xlink:label="loc_ifrs-full_OtherComprehensiveIncomeThatWillNotBeReclassifiedToProfitOrLossNetOfTax_73c92605-f9fa-485b-9651-519117a614cc" xlink:href="https://xbrl.ifrs.org/taxonomy/2022-03-24/full_ifrs/full_ifrs-cor_2022-03-24.xsd#ifrs-full_OtherComprehensiveIncomeThatWillNotBeReclassifiedToProfitOrLossNetOfTax"/>
    <link:calculationArc order="1" weight="1.0" xlink:arcrole="http://www.xbrl.org/2003/arcrole/summation-item" xlink:from="loc_ifrs-full_OtherComprehensiveIncome_43d3ba54-dd3c-41a2-badc-10bd1dbaf02e" xlink:to="loc_ifrs-full_OtherComprehensiveIncomeThatWillNotBeReclassifiedToProfitOrLossNetOfTax_73c92605-f9fa-485b-9651-519117a614cc" xlink:type="arc"/>
    <link:loc xlink:type="locator" xlink:label="loc_ifrs-full_OtherComprehensiveIncomeThatWillBeReclassifiedToProfitOrLossNetOfTax_406bd873-71d2-4ee1-a061-a50d6f032a18" xlink:href="https://xbrl.ifrs.org/taxonomy/2022-03-24/full_ifrs/full_ifrs-cor_2022-03-24.xsd#ifrs-full_OtherComprehensiveIncomeThatWillBeReclassifiedToProfitOrLossNetOfTax"/>
    <link:calculationArc order="2" weight="1.0" xlink:arcrole="http://www.xbrl.org/2003/arcrole/summation-item" xlink:from="loc_ifrs-full_OtherComprehensiveIncome_43d3ba54-dd3c-41a2-badc-10bd1dbaf02e" xlink:to="loc_ifrs-full_OtherComprehensiveIncomeThatWillBeReclassifiedToProfitOrLossNetOfTax_406bd873-71d2-4ee1-a061-a50d6f032a18" xlink:type="arc"/>
    <link:loc xlink:type="locator" xlink:label="loc_ifrs-full_ComprehensiveIncome_bf450225-f7e9-4d06-b600-fd1d6c19b047" xlink:href="https://xbrl.ifrs.org/taxonomy/2022-03-24/full_ifrs/full_ifrs-cor_2022-03-24.xsd#ifrs-full_ComprehensiveIncome"/>
    <link:loc xlink:type="locator" xlink:label="loc_ifrs-full_ProfitLoss_23a1a9ed-e5b0-4292-9bed-f2eea7e0a61e" xlink:href="https://xbrl.ifrs.org/taxonomy/2022-03-24/full_ifrs/full_ifrs-cor_2022-03-24.xsd#ifrs-full_ProfitLoss"/>
    <link:calculationArc order="1" weight="1.0" xlink:arcrole="http://www.xbrl.org/2003/arcrole/summation-item" xlink:from="loc_ifrs-full_ComprehensiveIncome_bf450225-f7e9-4d06-b600-fd1d6c19b047" xlink:to="loc_ifrs-full_ProfitLoss_23a1a9ed-e5b0-4292-9bed-f2eea7e0a61e" xlink:type="arc"/>
    <link:loc xlink:type="locator" xlink:label="loc_ifrs-full_OtherComprehensiveIncome_cbb35c3b-d06f-478a-966e-9e8617ea2b7e" xlink:href="https://xbrl.ifrs.org/taxonomy/2022-03-24/full_ifrs/full_ifrs-cor_2022-03-24.xsd#ifrs-full_OtherComprehensiveIncome"/>
    <link:calculationArc order="2" weight="1.0" xlink:arcrole="http://www.xbrl.org/2003/arcrole/summation-item" xlink:from="loc_ifrs-full_ComprehensiveIncome_bf450225-f7e9-4d06-b600-fd1d6c19b047" xlink:to="loc_ifrs-full_OtherComprehensiveIncome_cbb35c3b-d06f-478a-966e-9e8617ea2b7e" xlink:type="arc"/>
    <link:loc xlink:type="locator" xlink:label="loc_ifrs-full_OtherComprehensiveIncomeThatWillNotBeReclassifiedToProfitOrLossNetOfTax_dc6dd719-3377-4881-931c-5526ed3a147e" xlink:href="https://xbrl.ifrs.org/taxonomy/2022-03-24/full_ifrs/full_ifrs-cor_2022-03-24.xsd#ifrs-full_OtherComprehensiveIncomeThatWillNotBeReclassifiedToProfitOrLossNetOfTax"/>
    <link:loc xlink:type="locator" xlink:label="loc_ifrs-full_OtherComprehensiveIncomeBeforeTaxGainsLossesOnRemeasurementsOfDefinedBenefitPlans_52b12100-94bd-4159-94e8-2e993eb6d0c5" xlink:href="https://xbrl.ifrs.org/taxonomy/2022-03-24/full_ifrs/full_ifrs-cor_2022-03-24.xsd#ifrs-full_OtherComprehensiveIncomeBeforeTaxGainsLossesOnRemeasurementsOfDefinedBenefitPlans"/>
    <link:calculationArc order="1" weight="1.0" xlink:arcrole="http://www.xbrl.org/2003/arcrole/summation-item" xlink:from="loc_ifrs-full_OtherComprehensiveIncomeThatWillNotBeReclassifiedToProfitOrLossNetOfTax_dc6dd719-3377-4881-931c-5526ed3a147e" xlink:to="loc_ifrs-full_OtherComprehensiveIncomeBeforeTaxGainsLossesOnRemeasurementsOfDefinedBenefitPlans_52b12100-94bd-4159-94e8-2e993eb6d0c5" xlink:type="arc"/>
    <link:loc xlink:type="locator" xlink:label="loc_ifrs-full_IncomeTaxRelatingToRemeasurementsOfDefinedBenefitPlansOfOtherComprehensiveIncome_59360404-38c3-4670-abf8-f1508e84976b" xlink:href="https://xbrl.ifrs.org/taxonomy/2022-03-24/full_ifrs/full_ifrs-cor_2022-03-24.xsd#ifrs-full_IncomeTaxRelatingToRemeasurementsOfDefinedBenefitPlansOfOtherComprehensiveIncome"/>
    <link:calculationArc order="2" weight="-1.0" xlink:arcrole="http://www.xbrl.org/2003/arcrole/summation-item" xlink:from="loc_ifrs-full_OtherComprehensiveIncomeThatWillNotBeReclassifiedToProfitOrLossNetOfTax_dc6dd719-3377-4881-931c-5526ed3a147e" xlink:to="loc_ifrs-full_IncomeTaxRelatingToRemeasurementsOfDefinedBenefitPlansOfOtherComprehensiveIncome_59360404-38c3-4670-abf8-f1508e84976b" xlink:type="arc"/>
    <link:loc xlink:type="locator" xlink:label="loc_ifrs-full_OtherComprehensiveIncomeThatWillBeReclassifiedToProfitOrLossNetOfTax_a4b49916-1d0e-48f7-9243-96a306ce6c06" xlink:href="https://xbrl.ifrs.org/taxonomy/2022-03-24/full_ifrs/full_ifrs-cor_2022-03-24.xsd#ifrs-full_OtherComprehensiveIncomeThatWillBeReclassifiedToProfitOrLossNetOfTax"/>
    <link:loc xlink:type="locator" xlink:label="loc_ifrs-full_IncomeTaxRelatingToExchangeDifferencesOnTranslationOfOtherComprehensiveIncome_777faffb-6276-4f47-ba1f-7e0e068dc485" xlink:href="https://xbrl.ifrs.org/taxonomy/2022-03-24/full_ifrs/full_ifrs-cor_2022-03-24.xsd#ifrs-full_IncomeTaxRelatingToExchangeDifferencesOnTranslationOfOtherComprehensiveIncome"/>
    <link:calculationArc order="1" weight="-1.0" xlink:arcrole="http://www.xbrl.org/2003/arcrole/summation-item" xlink:from="loc_ifrs-full_OtherComprehensiveIncomeThatWillBeReclassifiedToProfitOrLossNetOfTax_a4b49916-1d0e-48f7-9243-96a306ce6c06" xlink:to="loc_ifrs-full_IncomeTaxRelatingToExchangeDifferencesOnTranslationOfOtherComprehensiveIncome_777faffb-6276-4f47-ba1f-7e0e068dc485" xlink:type="arc"/>
    <link:loc xlink:type="locator" xlink:label="loc_ifrs-full_IncomeTaxRelatingToCashFlowHedgesOfOtherComprehensiveIncome_074b7a67-58ab-427a-8a04-7e6ded6398bb" xlink:href="https://xbrl.ifrs.org/taxonomy/2022-03-24/full_ifrs/full_ifrs-cor_2022-03-24.xsd#ifrs-full_IncomeTaxRelatingToCashFlowHedgesOfOtherComprehensiveIncome"/>
    <link:calculationArc order="2" weight="-1.0" xlink:arcrole="http://www.xbrl.org/2003/arcrole/summation-item" xlink:from="loc_ifrs-full_OtherComprehensiveIncomeThatWillBeReclassifiedToProfitOrLossNetOfTax_a4b49916-1d0e-48f7-9243-96a306ce6c06" xlink:to="loc_ifrs-full_IncomeTaxRelatingToCashFlowHedgesOfOtherComprehensiveIncome_074b7a67-58ab-427a-8a04-7e6ded6398bb" xlink:type="arc"/>
    <link:loc xlink:type="locator" xlink:label="loc_ifrs-full_OtherComprehensiveIncomeBeforeTaxExchangeDifferencesOnTranslation_526dbdee-6dc3-4afd-83ef-388aeb510e75" xlink:href="https://xbrl.ifrs.org/taxonomy/2022-03-24/full_ifrs/full_ifrs-cor_2022-03-24.xsd#ifrs-full_OtherComprehensiveIncomeBeforeTaxExchangeDifferencesOnTranslation"/>
    <link:calculationArc order="3" weight="1.0" xlink:arcrole="http://www.xbrl.org/2003/arcrole/summation-item" xlink:from="loc_ifrs-full_OtherComprehensiveIncomeThatWillBeReclassifiedToProfitOrLossNetOfTax_a4b49916-1d0e-48f7-9243-96a306ce6c06" xlink:to="loc_ifrs-full_OtherComprehensiveIncomeBeforeTaxExchangeDifferencesOnTranslation_526dbdee-6dc3-4afd-83ef-388aeb510e75" xlink:type="arc"/>
    <link:loc xlink:type="locator" xlink:label="loc_docoag_AnpassungAusHyperinflation_5a2e45a4-ed96-4f41-8bce-49844c690990" xlink:href="docoag-2023-03-31.xsd#docoag_AnpassungAusHyperinflation"/>
    <link:calculationArc order="4" weight="1.0" xlink:arcrole="http://www.xbrl.org/2003/arcrole/summation-item" xlink:from="loc_ifrs-full_OtherComprehensiveIncomeThatWillBeReclassifiedToProfitOrLossNetOfTax_a4b49916-1d0e-48f7-9243-96a306ce6c06" xlink:to="loc_docoag_AnpassungAusHyperinflation_5a2e45a4-ed96-4f41-8bce-49844c690990" xlink:type="arc"/>
    <link:loc xlink:type="locator" xlink:label="loc_ifrs-full_OtherComprehensiveIncomeBeforeTaxCashFlowHedges_0c5f9d07-2444-44c6-adb0-3cf78d6df795" xlink:href="https://xbrl.ifrs.org/taxonomy/2022-03-24/full_ifrs/full_ifrs-cor_2022-03-24.xsd#ifrs-full_OtherComprehensiveIncomeBeforeTaxCashFlowHedges"/>
    <link:calculationArc order="5" weight="1.0" xlink:arcrole="http://www.xbrl.org/2003/arcrole/summation-item" xlink:from="loc_ifrs-full_OtherComprehensiveIncomeThatWillBeReclassifiedToProfitOrLossNetOfTax_a4b49916-1d0e-48f7-9243-96a306ce6c06" xlink:to="loc_ifrs-full_OtherComprehensiveIncomeBeforeTaxCashFlowHedges_0c5f9d07-2444-44c6-adb0-3cf78d6df795" xlink:type="arc"/>
  </link:calculationLink>
  <link:roleRef roleURI="http://docoaktiengesellschaft.com/role/Konzerngeldflussrechnung" xlink:type="simple" xlink:href="docoag-2023-03-31.xsd#Konzerngeldflussrechnung"/>
  <link:calculationLink xlink:role="http://docoaktiengesellschaft.com/role/Konzerngeldflussrechnung" xlink:type="extended">
    <link:loc xlink:type="locator" xlink:label="loc_ifrs-full_CashFlowsFromUsedInInvestingActivities_5baae645-8f78-4400-a7a6-4e13ef0e9d12" xlink:href="https://xbrl.ifrs.org/taxonomy/2022-03-24/full_ifrs/full_ifrs-cor_2022-03-24.xsd#ifrs-full_CashFlowsFromUsedInInvestingActivities"/>
    <link:loc xlink:type="locator" xlink:label="loc_ifrs-full_CashFlowsFromLosingControlOfSubsidiariesOrOtherBusinessesClassifiedAsInvestingActivities_ce5fccc8-2b89-4ebd-b2d0-0461a617f8e4" xlink:href="https://xbrl.ifrs.org/taxonomy/2022-03-24/full_ifrs/full_ifrs-cor_2022-03-24.xsd#ifrs-full_CashFlowsFromLosingControlOfSubsidiariesOrOtherBusinessesClassifiedAsInvestingActivities"/>
    <link:calculationArc order="1" weight="1.0" xlink:arcrole="http://www.xbrl.org/2003/arcrole/summation-item" xlink:from="loc_ifrs-full_CashFlowsFromUsedInInvestingActivities_5baae645-8f78-4400-a7a6-4e13ef0e9d12" xlink:to="loc_ifrs-full_CashFlowsFromLosingControlOfSubsidiariesOrOtherBusinessesClassifiedAsInvestingActivities_ce5fccc8-2b89-4ebd-b2d0-0461a617f8e4" xlink:type="arc"/>
    <link:loc xlink:type="locator" xlink:label="loc_ifrs-full_CashFlowsUsedInObtainingControlOfSubsidiariesOrOtherBusinessesClassifiedAsInvestingActivities_77f7eec7-2a32-457e-bb63-4ecd04e4a313" xlink:href="https://xbrl.ifrs.org/taxonomy/2022-03-24/full_ifrs/full_ifrs-cor_2022-03-24.xsd#ifrs-full_CashFlowsUsedInObtainingControlOfSubsidiariesOrOtherBusinessesClassifiedAsInvestingActivities"/>
    <link:calculationArc order="2" weight="-1.0" xlink:arcrole="http://www.xbrl.org/2003/arcrole/summation-item" xlink:from="loc_ifrs-full_CashFlowsFromUsedInInvestingActivities_5baae645-8f78-4400-a7a6-4e13ef0e9d12" xlink:to="loc_ifrs-full_CashFlowsUsedInObtainingControlOfSubsidiariesOrOtherBusinessesClassifiedAsInvestingActivities_77f7eec7-2a32-457e-bb63-4ecd04e4a313" xlink:type="arc"/>
    <link:loc xlink:type="locator" xlink:label="loc_ifrs-full_PurchaseOfPropertyPlantAndEquipmentClassifiedAsInvestingActivities_42718675-0ebb-46d0-bf03-27e6a1dc7804" xlink:href="https://xbrl.ifrs.org/taxonomy/2022-03-24/full_ifrs/full_ifrs-cor_2022-03-24.xsd#ifrs-full_PurchaseOfPropertyPlantAndEquipmentClassifiedAsInvestingActivities"/>
    <link:calculationArc order="3" weight="-1.0" xlink:arcrole="http://www.xbrl.org/2003/arcrole/summation-item" xlink:from="loc_ifrs-full_CashFlowsFromUsedInInvestingActivities_5baae645-8f78-4400-a7a6-4e13ef0e9d12" xlink:to="loc_ifrs-full_PurchaseOfPropertyPlantAndEquipmentClassifiedAsInvestingActivities_42718675-0ebb-46d0-bf03-27e6a1dc7804" xlink:type="arc"/>
    <link:loc xlink:type="locator" xlink:label="loc_ifrs-full_DividendsReceivedClassifiedAsInvestingActivities_61e547dc-92eb-4f5d-afa4-172c0971a3b5" xlink:href="https://xbrl.ifrs.org/taxonomy/2022-03-24/full_ifrs/full_ifrs-cor_2022-03-24.xsd#ifrs-full_DividendsReceivedClassifiedAsInvestingActivities"/>
    <link:calculationArc order="4" weight="1.0" xlink:arcrole="http://www.xbrl.org/2003/arcrole/summation-item" xlink:from="loc_ifrs-full_CashFlowsFromUsedInInvestingActivities_5baae645-8f78-4400-a7a6-4e13ef0e9d12" xlink:to="loc_ifrs-full_DividendsReceivedClassifiedAsInvestingActivities_61e547dc-92eb-4f5d-afa4-172c0971a3b5" xlink:type="arc"/>
    <link:loc xlink:type="locator" xlink:label="loc_ifrs-full_PurchaseOfIntangibleAssetsClassifiedAsInvestingActivities_f83a0b04-ef87-47df-9831-2a06b946a64a" xlink:href="https://xbrl.ifrs.org/taxonomy/2022-03-24/full_ifrs/full_ifrs-cor_2022-03-24.xsd#ifrs-full_PurchaseOfIntangibleAssetsClassifiedAsInvestingActivities"/>
    <link:calculationArc order="5" weight="-1.0" xlink:arcrole="http://www.xbrl.org/2003/arcrole/summation-item" xlink:from="loc_ifrs-full_CashFlowsFromUsedInInvestingActivities_5baae645-8f78-4400-a7a6-4e13ef0e9d12" xlink:to="loc_ifrs-full_PurchaseOfIntangibleAssetsClassifiedAsInvestingActivities_f83a0b04-ef87-47df-9831-2a06b946a64a" xlink:type="arc"/>
    <link:loc xlink:type="locator" xlink:label="loc_ifrs-full_ProceedsFromSalesOrMaturityOfFinancialInstrumentsClassifiedAsInvestingActivities_0b929470-bf56-4d47-9e85-3e7681af08e5" xlink:href="https://xbrl.ifrs.org/taxonomy/2022-03-24/full_ifrs/full_ifrs-cor_2022-03-24.xsd#ifrs-full_ProceedsFromSalesOrMaturityOfFinancialInstrumentsClassifiedAsInvestingActivities"/>
    <link:calculationArc order="6" weight="1.0" xlink:arcrole="http://www.xbrl.org/2003/arcrole/summation-item" xlink:from="loc_ifrs-full_CashFlowsFromUsedInInvestingActivities_5baae645-8f78-4400-a7a6-4e13ef0e9d12" xlink:to="loc_ifrs-full_ProceedsFromSalesOrMaturityOfFinancialInstrumentsClassifiedAsInvestingActivities_0b929470-bf56-4d47-9e85-3e7681af08e5" xlink:type="arc"/>
    <link:loc xlink:type="locator" xlink:label="loc_ifrs-full_ProceedsFromSalesOfInvestmentsAccountedForUsingEquityMethod_277cbbea-0628-4fa1-8564-8e55430139c9" xlink:href="https://xbrl.ifrs.org/taxonomy/2022-03-24/full_ifrs/full_ifrs-cor_2022-03-24.xsd#ifrs-full_ProceedsFromSalesOfInvestmentsAccountedForUsingEquityMethod"/>
    <link:calculationArc order="7" weight="1.0" xlink:arcrole="http://www.xbrl.org/2003/arcrole/summation-item" xlink:from="loc_ifrs-full_CashFlowsFromUsedInInvestingActivities_5baae645-8f78-4400-a7a6-4e13ef0e9d12" xlink:to="loc_ifrs-full_ProceedsFromSalesOfInvestmentsAccountedForUsingEquityMethod_277cbbea-0628-4fa1-8564-8e55430139c9" xlink:type="arc"/>
    <link:loc xlink:type="locator" xlink:label="loc_docoag_EinzahlungenAusAbgaengenVonSachanlagenUndImmateriellenVermoegenswerten_0b30f8d4-79d6-45f8-bceb-eee664fbfebd" xlink:href="docoag-2023-03-31.xsd#docoag_EinzahlungenAusAbgaengenVonSachanlagenUndImmateriellenVermoegenswerten"/>
    <link:calculationArc order="8" weight="1.0" xlink:arcrole="http://www.xbrl.org/2003/arcrole/summation-item" xlink:from="loc_ifrs-full_CashFlowsFromUsedInInvestingActivities_5baae645-8f78-4400-a7a6-4e13ef0e9d12" xlink:to="loc_docoag_EinzahlungenAusAbgaengenVonSachanlagenUndImmateriellenVermoegenswerten_0b30f8d4-79d6-45f8-bceb-eee664fbfebd" xlink:type="arc"/>
    <link:loc xlink:type="locator" xlink:label="loc_ifrs-full_InterestReceivedClassifiedAsInvestingActivities_836adc97-6edb-4280-b9b5-9fc5e6d79136" xlink:href="https://xbrl.ifrs.org/taxonomy/2022-03-24/full_ifrs/full_ifrs-cor_2022-03-24.xsd#ifrs-full_InterestReceivedClassifiedAsInvestingActivities"/>
    <link:calculationArc order="9" weight="1.0" xlink:arcrole="http://www.xbrl.org/2003/arcrole/summation-item" xlink:from="loc_ifrs-full_CashFlowsFromUsedInInvestingActivities_5baae645-8f78-4400-a7a6-4e13ef0e9d12" xlink:to="loc_ifrs-full_InterestReceivedClassifiedAsInvestingActivities_836adc97-6edb-4280-b9b5-9fc5e6d79136" xlink:type="arc"/>
    <link:loc xlink:type="locator" xlink:label="loc_ifrs-full_PurchaseOfFinancialInstrumentsClassifiedAsInvestingActivities_ac0a33a4-a177-42cb-96a7-1f7b6174e779" xlink:href="https://xbrl.ifrs.org/taxonomy/2022-03-24/full_ifrs/full_ifrs-cor_2022-03-24.xsd#ifrs-full_PurchaseOfFinancialInstrumentsClassifiedAsInvestingActivities"/>
    <link:calculationArc order="10" weight="-1.0" xlink:arcrole="http://www.xbrl.org/2003/arcrole/summation-item" xlink:from="loc_ifrs-full_CashFlowsFromUsedInInvestingActivities_5baae645-8f78-4400-a7a6-4e13ef0e9d12" xlink:to="loc_ifrs-full_PurchaseOfFinancialInstrumentsClassifiedAsInvestingActivities_ac0a33a4-a177-42cb-96a7-1f7b6174e779" xlink:type="arc"/>
    <link:loc xlink:type="locator" xlink:label="loc_ifrs-full_CashFlowsFromUsedInFinancingActivities_544f8798-9464-45c7-bfa0-f03e97a55b3e" xlink:href="https://xbrl.ifrs.org/taxonomy/2022-03-24/full_ifrs/full_ifrs-cor_2022-03-24.xsd#ifrs-full_CashFlowsFromUsedInFinancingActivities"/>
    <link:loc xlink:type="locator" xlink:label="loc_ifrs-full_RepaymentsOfBorrowingsClassifiedAsFinancingActivities_0f6223b9-411d-4c11-bef5-6b16a0a2afa5" xlink:href="https://xbrl.ifrs.org/taxonomy/2022-03-24/full_ifrs/full_ifrs-cor_2022-03-24.xsd#ifrs-full_RepaymentsOfBorrowingsClassifiedAsFinancingActivities"/>
    <link:calculationArc order="1" weight="-1.0" xlink:arcrole="http://www.xbrl.org/2003/arcrole/summation-item" xlink:from="loc_ifrs-full_CashFlowsFromUsedInFinancingActivities_544f8798-9464-45c7-bfa0-f03e97a55b3e" xlink:to="loc_ifrs-full_RepaymentsOfBorrowingsClassifiedAsFinancingActivities_0f6223b9-411d-4c11-bef5-6b16a0a2afa5" xlink:type="arc"/>
    <link:loc xlink:type="locator" xlink:label="loc_ifrs-full_ProceedsFromBorrowingsClassifiedAsFinancingActivities_1f7e038e-7762-404b-bce4-3bec957a2ffd" xlink:href="https://xbrl.ifrs.org/taxonomy/2022-03-24/full_ifrs/full_ifrs-cor_2022-03-24.xsd#ifrs-full_ProceedsFromBorrowingsClassifiedAsFinancingActivities"/>
    <link:calculationArc order="2" weight="1.0" xlink:arcrole="http://www.xbrl.org/2003/arcrole/summation-item" xlink:from="loc_ifrs-full_CashFlowsFromUsedInFinancingActivities_544f8798-9464-45c7-bfa0-f03e97a55b3e" xlink:to="loc_ifrs-full_ProceedsFromBorrowingsClassifiedAsFinancingActivities_1f7e038e-7762-404b-bce4-3bec957a2ffd" xlink:type="arc"/>
    <link:loc xlink:type="locator" xlink:label="loc_ifrs-full_DividendsPaidToNoncontrollingInterestsClassifiedAsFinancingActivities_1c4650da-563e-4da2-9ec1-fff1b63b8ab1" xlink:href="https://xbrl.ifrs.org/taxonomy/2022-03-24/full_ifrs/full_ifrs-cor_2022-03-24.xsd#ifrs-full_DividendsPaidToNoncontrollingInterestsClassifiedAsFinancingActivities"/>
    <link:calculationArc order="3" weight="-1.0" xlink:arcrole="http://www.xbrl.org/2003/arcrole/summation-item" xlink:from="loc_ifrs-full_CashFlowsFromUsedInFinancingActivities_544f8798-9464-45c7-bfa0-f03e97a55b3e" xlink:to="loc_ifrs-full_DividendsPaidToNoncontrollingInterestsClassifiedAsFinancingActivities_1c4650da-563e-4da2-9ec1-fff1b63b8ab1" xlink:type="arc"/>
    <link:loc xlink:type="locator" xlink:label="loc_ifrs-full_InterestPaidClassifiedAsFinancingActivities_281bfe3b-c996-47bb-abbc-3ea1f76fb6eb" xlink:href="https://xbrl.ifrs.org/taxonomy/2022-03-24/full_ifrs/full_ifrs-cor_2022-03-24.xsd#ifrs-full_InterestPaidClassifiedAsFinancingActivities"/>
    <link:calculationArc order="4" weight="-1.0" xlink:arcrole="http://www.xbrl.org/2003/arcrole/summation-item" xlink:from="loc_ifrs-full_CashFlowsFromUsedInFinancingActivities_544f8798-9464-45c7-bfa0-f03e97a55b3e" xlink:to="loc_ifrs-full_InterestPaidClassifiedAsFinancingActivities_281bfe3b-c996-47bb-abbc-3ea1f76fb6eb" xlink:type="arc"/>
    <link:loc xlink:type="locator" xlink:label="loc_ifrs-full_CashFlowsFromUsedInOperations_e5a7054b-3b74-48e7-963b-7f47623e4d25" xlink:href="https://xbrl.ifrs.org/taxonomy/2022-03-24/full_ifrs/full_ifrs-cor_2022-03-24.xsd#ifrs-full_CashFlowsFromUsedInOperations"/>
    <link:loc xlink:type="locator" xlink:label="loc_ifrs-full_AdjustmentsForUndistributedProfitsOfInvestmentsAccountedForUsingEquityMethod_c6b6e34e-b5ad-4b7b-8495-3d0c476d25ee" xlink:href="https://xbrl.ifrs.org/taxonomy/2022-03-24/full_ifrs/full_ifrs-cor_2022-03-24.xsd#ifrs-full_AdjustmentsForUndistributedProfitsOfInvestmentsAccountedForUsingEquityMethod"/>
    <link:calculationArc order="1" weight="-1.0" xlink:arcrole="http://www.xbrl.org/2003/arcrole/summation-item" xlink:from="loc_ifrs-full_CashFlowsFromUsedInOperations_e5a7054b-3b74-48e7-963b-7f47623e4d25" xlink:to="loc_ifrs-full_AdjustmentsForUndistributedProfitsOfInvestmentsAccountedForUsingEquityMethod_c6b6e34e-b5ad-4b7b-8495-3d0c476d25ee" xlink:type="arc"/>
    <link:loc xlink:type="locator" xlink:label="loc_ifrs-full_OtherAdjustmentsToReconcileProfitLoss_26eb559a-662a-43e6-a33e-4b996a075431" xlink:href="https://xbrl.ifrs.org/taxonomy/2022-03-24/full_ifrs/full_ifrs-cor_2022-03-24.xsd#ifrs-full_OtherAdjustmentsToReconcileProfitLoss"/>
    <link:calculationArc order="2" weight="1.0" xlink:arcrole="http://www.xbrl.org/2003/arcrole/summation-item" xlink:from="loc_ifrs-full_CashFlowsFromUsedInOperations_e5a7054b-3b74-48e7-963b-7f47623e4d25" xlink:to="loc_ifrs-full_OtherAdjustmentsToReconcileProfitLoss_26eb559a-662a-43e6-a33e-4b996a075431" xlink:type="arc"/>
    <link:loc xlink:type="locator" xlink:label="loc_ifrs-full_AdjustmentsForLossesGainsOnDisposalOfNoncurrentAssets_373622aa-4a35-4906-a204-0635f737f13d" xlink:href="https://xbrl.ifrs.org/taxonomy/2022-03-24/full_ifrs/full_ifrs-cor_2022-03-24.xsd#ifrs-full_AdjustmentsForLossesGainsOnDisposalOfNoncurrentAssets"/>
    <link:calculationArc order="3" weight="1.0" xlink:arcrole="http://www.xbrl.org/2003/arcrole/summation-item" xlink:from="loc_ifrs-full_CashFlowsFromUsedInOperations_e5a7054b-3b74-48e7-963b-7f47623e4d25" xlink:to="loc_ifrs-full_AdjustmentsForLossesGainsOnDisposalOfNoncurrentAssets_373622aa-4a35-4906-a204-0635f737f13d" xlink:type="arc"/>
    <link:loc xlink:type="locator" xlink:label="loc_ifrs-full_AdjustmentsForGainLossOnDisposalOfInvestmentsInSubsidiariesJointVenturesAndAssociates_4f71e5ec-0023-427c-8417-5cf05f82a972" xlink:href="https://xbrl.ifrs.org/taxonomy/2022-03-24/full_ifrs/full_ifrs-cor_2022-03-24.xsd#ifrs-full_AdjustmentsForGainLossOnDisposalOfInvestmentsInSubsidiariesJointVenturesAndAssociates"/>
    <link:calculationArc order="4" weight="-1.0" xlink:arcrole="http://www.xbrl.org/2003/arcrole/summation-item" xlink:from="loc_ifrs-full_CashFlowsFromUsedInOperations_e5a7054b-3b74-48e7-963b-7f47623e4d25" xlink:to="loc_ifrs-full_AdjustmentsForGainLossOnDisposalOfInvestmentsInSubsidiariesJointVenturesAndAssociates_4f71e5ec-0023-427c-8417-5cf05f82a972" xlink:type="arc"/>
    <link:loc xlink:type="locator" xlink:label="loc_ifrs-full_ProfitLossBeforeTax_147b9141-2b47-47e4-8114-99af2a06c82e" xlink:href="https://xbrl.ifrs.org/taxonomy/2022-03-24/full_ifrs/full_ifrs-cor_2022-03-24.xsd#ifrs-full_ProfitLossBeforeTax"/>
    <link:calculationArc order="5" weight="1.0" xlink:arcrole="http://www.xbrl.org/2003/arcrole/summation-item" xlink:from="loc_ifrs-full_CashFlowsFromUsedInOperations_e5a7054b-3b74-48e7-963b-7f47623e4d25" xlink:to="loc_ifrs-full_ProfitLossBeforeTax_147b9141-2b47-47e4-8114-99af2a06c82e" xlink:type="arc"/>
    <link:loc xlink:type="locator" xlink:label="loc_ifrs-full_AdjustmentsForInterestIncome_62676054-d11e-4547-8712-4a5d7b1c02ce" xlink:href="https://xbrl.ifrs.org/taxonomy/2022-03-24/full_ifrs/full_ifrs-cor_2022-03-24.xsd#ifrs-full_AdjustmentsForInterestIncome"/>
    <link:calculationArc order="6" weight="-1.0" xlink:arcrole="http://www.xbrl.org/2003/arcrole/summation-item" xlink:from="loc_ifrs-full_CashFlowsFromUsedInOperations_e5a7054b-3b74-48e7-963b-7f47623e4d25" xlink:to="loc_ifrs-full_AdjustmentsForInterestIncome_62676054-d11e-4547-8712-4a5d7b1c02ce" xlink:type="arc"/>
    <link:loc xlink:type="locator" xlink:label="loc_docoag_AnpassungFurDenErgebniseffektAusHyperinflationAccounting_87407af0-abf9-46ad-9f28-bf93c7ee8e5a" xlink:href="docoag-2023-03-31.xsd#docoag_AnpassungFurDenErgebniseffektAusHyperinflationAccounting"/>
    <link:calculationArc order="7" weight="1.0" xlink:arcrole="http://www.xbrl.org/2003/arcrole/summation-item" xlink:from="loc_ifrs-full_CashFlowsFromUsedInOperations_e5a7054b-3b74-48e7-963b-7f47623e4d25" xlink:to="loc_docoag_AnpassungFurDenErgebniseffektAusHyperinflationAccounting_87407af0-abf9-46ad-9f28-bf93c7ee8e5a" xlink:type="arc"/>
    <link:loc xlink:type="locator" xlink:label="loc_ifrs-full_AdjustmentsForDepreciationAndAmortisationExpenseAndImpairmentLossReversalOfImpairmentLossRecognisedInProfitOrLoss_da3af2f1-e3e5-4f11-a3b7-630e3123cb79" xlink:href="https://xbrl.ifrs.org/taxonomy/2022-03-24/full_ifrs/full_ifrs-cor_2022-03-24.xsd#ifrs-full_AdjustmentsForDepreciationAndAmortisationExpenseAndImpairmentLossReversalOfImpairmentLossRecognisedInProfitOrLoss"/>
    <link:calculationArc order="8" weight="1.0" xlink:arcrole="http://www.xbrl.org/2003/arcrole/summation-item" xlink:from="loc_ifrs-full_CashFlowsFromUsedInOperations_e5a7054b-3b74-48e7-963b-7f47623e4d25" xlink:to="loc_ifrs-full_AdjustmentsForDepreciationAndAmortisationExpenseAndImpairmentLossReversalOfImpairmentLossRecognisedInProfitOrLoss_da3af2f1-e3e5-4f11-a3b7-630e3123cb79" xlink:type="arc"/>
    <link:loc xlink:type="locator" xlink:label="loc_ifrs-full_IncreaseDecreaseInCashAndCashEquivalents_b76ac5df-3013-411b-be72-f8fe5e1f2d06" xlink:href="https://xbrl.ifrs.org/taxonomy/2022-03-24/full_ifrs/full_ifrs-cor_2022-03-24.xsd#ifrs-full_IncreaseDecreaseInCashAndCashEquivalents"/>
    <link:loc xlink:type="locator" xlink:label="loc_ifrs-full_CashFlowsFromUsedInOperatingActivities_8def54ff-11a1-4eba-9b7e-befe94d9242f" xlink:href="https://xbrl.ifrs.org/taxonomy/2022-03-24/full_ifrs/full_ifrs-cor_2022-03-24.xsd#ifrs-full_CashFlowsFromUsedInOperatingActivities"/>
    <link:calculationArc order="1" weight="1.0" xlink:arcrole="http://www.xbrl.org/2003/arcrole/summation-item" xlink:from="loc_ifrs-full_IncreaseDecreaseInCashAndCashEquivalents_b76ac5df-3013-411b-be72-f8fe5e1f2d06" xlink:to="loc_ifrs-full_CashFlowsFromUsedInOperatingActivities_8def54ff-11a1-4eba-9b7e-befe94d9242f" xlink:type="arc"/>
    <link:loc xlink:type="locator" xlink:label="loc_ifrs-full_CashFlowsFromUsedInFinancingActivities_4b0fe5c3-250f-4e16-af81-eb78aaf46322" xlink:href="https://xbrl.ifrs.org/taxonomy/2022-03-24/full_ifrs/full_ifrs-cor_2022-03-24.xsd#ifrs-full_CashFlowsFromUsedInFinancingActivities"/>
    <link:calculationArc order="2" weight="1.0" xlink:arcrole="http://www.xbrl.org/2003/arcrole/summation-item" xlink:from="loc_ifrs-full_IncreaseDecreaseInCashAndCashEquivalents_b76ac5df-3013-411b-be72-f8fe5e1f2d06" xlink:to="loc_ifrs-full_CashFlowsFromUsedInFinancingActivities_4b0fe5c3-250f-4e16-af81-eb78aaf46322" xlink:type="arc"/>
    <link:loc xlink:type="locator" xlink:label="loc_ifrs-full_CashFlowsFromUsedInInvestingActivities_894387e1-5850-4e82-a4cb-b41022210632" xlink:href="https://xbrl.ifrs.org/taxonomy/2022-03-24/full_ifrs/full_ifrs-cor_2022-03-24.xsd#ifrs-full_CashFlowsFromUsedInInvestingActivities"/>
    <link:calculationArc order="3" weight="1.0" xlink:arcrole="http://www.xbrl.org/2003/arcrole/summation-item" xlink:from="loc_ifrs-full_IncreaseDecreaseInCashAndCashEquivalents_b76ac5df-3013-411b-be72-f8fe5e1f2d06" xlink:to="loc_ifrs-full_CashFlowsFromUsedInInvestingActivities_894387e1-5850-4e82-a4cb-b41022210632" xlink:type="arc"/>
    <link:loc xlink:type="locator" xlink:label="loc_ifrs-full_CashFlowsFromUsedInOperatingActivities_485a099b-994f-4312-8e06-bfbf937af633" xlink:href="https://xbrl.ifrs.org/taxonomy/2022-03-24/full_ifrs/full_ifrs-cor_2022-03-24.xsd#ifrs-full_CashFlowsFromUsedInOperatingActivities"/>
    <link:loc xlink:type="locator" xlink:label="loc_docoag_ZunahmeAbnahmeDerVorraeteUndDerSonstigenKurzfristigenVermoegenswerte_dec97ccc-1ff7-4873-9dda-45fe2de687db" xlink:href="docoag-2023-03-31.xsd#docoag_ZunahmeAbnahmeDerVorraeteUndDerSonstigenKurzfristigenVermoegenswerte"/>
    <link:calculationArc order="1" weight="-1.0" xlink:arcrole="http://www.xbrl.org/2003/arcrole/summation-item" xlink:from="loc_ifrs-full_CashFlowsFromUsedInOperatingActivities_485a099b-994f-4312-8e06-bfbf937af633" xlink:to="loc_docoag_ZunahmeAbnahmeDerVorraeteUndDerSonstigenKurzfristigenVermoegenswerte_dec97ccc-1ff7-4873-9dda-45fe2de687db" xlink:type="arc"/>
    <link:loc xlink:type="locator" xlink:label="loc_ifrs-full_AdjustmentsForIncreaseDecreaseInTradeAndOtherPayables_25205586-2f78-4e4b-9b7a-05467876d9fd" xlink:href="https://xbrl.ifrs.org/taxonomy/2022-03-24/full_ifrs/full_ifrs-cor_2022-03-24.xsd#ifrs-full_AdjustmentsForIncreaseDecreaseInTradeAndOtherPayables"/>
    <link:calculationArc order="2" weight="1.0" xlink:arcrole="http://www.xbrl.org/2003/arcrole/summation-item" xlink:from="loc_ifrs-full_CashFlowsFromUsedInOperatingActivities_485a099b-994f-4312-8e06-bfbf937af633" xlink:to="loc_ifrs-full_AdjustmentsForIncreaseDecreaseInTradeAndOtherPayables_25205586-2f78-4e4b-9b7a-05467876d9fd" xlink:type="arc"/>
    <link:loc xlink:type="locator" xlink:label="loc_ifrs-full_IncomeTaxesPaidClassifiedAsOperatingActivities_a343dd63-bdbd-4066-8546-75fd67ad8098" xlink:href="https://xbrl.ifrs.org/taxonomy/2022-03-24/full_ifrs/full_ifrs-cor_2022-03-24.xsd#ifrs-full_IncomeTaxesPaidClassifiedAsOperatingActivities"/>
    <link:calculationArc order="3" weight="-1.0" xlink:arcrole="http://www.xbrl.org/2003/arcrole/summation-item" xlink:from="loc_ifrs-full_CashFlowsFromUsedInOperatingActivities_485a099b-994f-4312-8e06-bfbf937af633" xlink:to="loc_ifrs-full_IncomeTaxesPaidClassifiedAsOperatingActivities_a343dd63-bdbd-4066-8546-75fd67ad8098" xlink:type="arc"/>
    <link:loc xlink:type="locator" xlink:label="loc_ifrs-full_AdjustmentsForProvisions_34c010ca-69f2-461c-9e43-f99d0ee12b92" xlink:href="https://xbrl.ifrs.org/taxonomy/2022-03-24/full_ifrs/full_ifrs-cor_2022-03-24.xsd#ifrs-full_AdjustmentsForProvisions"/>
    <link:calculationArc order="4" weight="1.0" xlink:arcrole="http://www.xbrl.org/2003/arcrole/summation-item" xlink:from="loc_ifrs-full_CashFlowsFromUsedInOperatingActivities_485a099b-994f-4312-8e06-bfbf937af633" xlink:to="loc_ifrs-full_AdjustmentsForProvisions_34c010ca-69f2-461c-9e43-f99d0ee12b92" xlink:type="arc"/>
    <link:loc xlink:type="locator" xlink:label="loc_ifrs-full_CashFlowsFromUsedInOperations_3e999b2a-8a16-4c61-a6bc-78aba259280c" xlink:href="https://xbrl.ifrs.org/taxonomy/2022-03-24/full_ifrs/full_ifrs-cor_2022-03-24.xsd#ifrs-full_CashFlowsFromUsedInOperations"/>
    <link:calculationArc order="5" weight="1.0" xlink:arcrole="http://www.xbrl.org/2003/arcrole/summation-item" xlink:from="loc_ifrs-full_CashFlowsFromUsedInOperatingActivities_485a099b-994f-4312-8e06-bfbf937af633" xlink:to="loc_ifrs-full_CashFlowsFromUsedInOperations_3e999b2a-8a16-4c61-a6bc-78aba259280c" xlink:type="arc"/>
  </link:calculationLink>
</link:linkbase>
