<?xml version="1.0" encoding="UTF-8"?>

<tp:taxonomyPackage xmlns:tp="http://xbrl.org/2016/taxonomy-package" xmlns:xsi="http://www.w3.org/2001/XMLSchema-instance" xsi:schemaLocation="http://xbrl.org/2016/taxonomy-package http://www.xbrl.org/2016/taxonomy-package.xsd">
  <tp:identifier>http://docoaktiengesellschaft.com/20230331/</tp:identifier>
  <tp:entryPoints>
    <tp:entryPoint>
      <tp:entryPointDocument href="http://docoaktiengesellschaft.com/20230331/docoag-2023-03-31.xsd"/>
      <tp:languages>
        <tp:language>de</tp:language>
      </tp:languages>
    </tp:entryPoint>
  </tp:entryPoints>
</tp:taxonomyPackage>
