<?xml version="1.0" encoding="utf-8"?>
<linkbase xsi:schemaLocation="http://www.xbrl.org/2003/linkbase http://www.xbrl.org/2003/xbrl-linkbase-2003-12-31.xsd" xmlns:xsi="http://www.w3.org/2001/XMLSchema-instance" xmlns="http://www.xbrl.org/2003/linkbase">
  <labelLink xlink:role="http://www.xbrl.org/2003/role/link" xlink:type="extended" xmlns:xlink="http://www.w3.org/1999/xlink">
    <loc xlink:type="locator" xlink:href="https://xbrl.ifrs.org/taxonomy/2022-03-24/full_ifrs/full_ifrs-cor_2022-03-24.xsd#ifrs-full_IssuedCapitalMember" xlink:label="ifrs-full_IssuedCapitalMember" />
    <loc xlink:type="locator" xlink:href="https://xbrl.ifrs.org/taxonomy/2022-03-24/full_ifrs/full_ifrs-cor_2022-03-24.xsd#ifrs-full_OtherShorttermProvisions" xlink:label="ifrs-full_OtherShorttermProvisions" />
    <loc xlink:type="locator" xlink:href="https://xbrl.ifrs.org/taxonomy/2022-03-24/full_ifrs/full_ifrs-cor_2022-03-24.xsd#ifrs-full_EquityAndLiabilities" xlink:label="ifrs-full_EquityAndLiabilities" />
    <loc xlink:type="locator" xlink:href="https://xbrl.ifrs.org/taxonomy/2022-03-24/full_ifrs/full_ifrs-cor_2022-03-24.xsd#ifrs-full_EffectOfExchangeRateChangesOnCashAndCashEquivalents" xlink:label="ifrs-full_EffectOfExchangeRateChangesOnCashAndCashEquivalents" />
    <loc xlink:type="locator" xlink:href="https://xbrl.ifrs.org/taxonomy/2022-03-24/full_ifrs/full_ifrs-cor_2022-03-24.xsd#ifrs-full_OtherComprehensiveIncomeAttributableToNoncontrollingInterests" xlink:label="ifrs-full_OtherComprehensiveIncomeAttributableToNoncontrollingInterests" />
    <loc xlink:type="locator" xlink:href="https://xbrl.ifrs.org/taxonomy/2022-03-24/full_ifrs/full_ifrs-cor_2022-03-24.xsd#ifrs-full_Inventories" xlink:label="ifrs-full_Inventories" />
    <loc xlink:type="locator" xlink:href="https://xbrl.ifrs.org/taxonomy/2022-03-24/full_ifrs/full_ifrs-cor_2022-03-24.xsd#ifrs-full_LongtermBorrowings" xlink:label="ifrs-full_LongtermBorrowings" />
    <loc xlink:type="locator" xlink:href="https://xbrl.ifrs.org/taxonomy/2022-03-24/full_ifrs/full_ifrs-cor_2022-03-24.xsd#ifrs-full_IncreaseDecreaseInCashAndCashEquivalentsBeforeEffectOfExchangeRateChanges" xlink:label="ifrs-full_IncreaseDecreaseInCashAndCashEquivalentsBeforeEffectOfExchangeRateChanges" />
    <loc xlink:type="locator" xlink:href="https://xbrl.ifrs.org/taxonomy/2022-03-24/full_ifrs/full_ifrs-cor_2022-03-24.xsd#ifrs-full_CashAndCashEquivalents" xlink:label="ifrs-full_CashAndCashEquivalents" />
    <loc xlink:type="locator" xlink:href="https://xbrl.ifrs.org/taxonomy/2022-03-24/full_ifrs/full_ifrs-cor_2022-03-24.xsd#ifrs-full_RevenueFromInterest" xlink:label="ifrs-full_RevenueFromInterest" />
    <loc xlink:type="locator" xlink:href="zumtobel-2023-04-30.xsd#zumtobel_NoncurrentProvisionsForEmployeeBenefitsPensions" xlink:label="zumtobel_NoncurrentProvisionsForEmployeeBenefitsPensions" />
    <loc xlink:type="locator" xlink:href="https://xbrl.ifrs.org/taxonomy/2022-03-24/full_ifrs/full_ifrs-cor_2022-03-24.xsd#ifrs-full_ProfitLossFromOperatingActivities" xlink:label="ifrs-full_ProfitLossFromOperatingActivities" />
    <loc xlink:type="locator" xlink:href="https://xbrl.ifrs.org/taxonomy/2022-03-24/full_ifrs/full_ifrs-cor_2022-03-24.xsd#ifrs-full_DeferredTaxLiabilities" xlink:label="ifrs-full_DeferredTaxLiabilities" />
    <loc xlink:type="locator" xlink:href="https://xbrl.ifrs.org/taxonomy/2022-03-24/full_ifrs/full_ifrs-cor_2022-03-24.xsd#ifrs-full_RetainedEarningsMember" xlink:label="ifrs-full_RetainedEarningsMember" />
    <loc xlink:type="locator" xlink:href="https://xbrl.ifrs.org/taxonomy/2022-03-24/full_ifrs/full_ifrs-cor_2022-03-24.xsd#ifrs-full_OtherComprehensiveIncome" xlink:label="ifrs-full_OtherComprehensiveIncome" />
    <loc xlink:type="locator" xlink:href="https://xbrl.ifrs.org/taxonomy/2022-03-24/full_ifrs/full_ifrs-cor_2022-03-24.xsd#ifrs-full_AdjustmentsForFinanceIncomeCost" xlink:label="ifrs-full_AdjustmentsForFinanceIncomeCost" />
    <loc xlink:type="locator" xlink:href="zumtobel-2023-04-30.xsd#zumtobel_ExchangeDifferencesOnTranslation" xlink:label="zumtobel_ExchangeDifferencesOnTranslation" />
    <loc xlink:type="locator" xlink:href="zumtobel-2023-04-30.xsd#zumtobel_AdjustmentsForIncreaseDecreaseInOtherOperatingActivities" xlink:label="zumtobel_AdjustmentsForIncreaseDecreaseInOtherOperatingActivities" />
    <loc xlink:type="locator" xlink:href="https://xbrl.ifrs.org/taxonomy/2022-03-24/full_ifrs/full_ifrs-cor_2022-03-24.xsd#ifrs-full_IncomeTaxExpenseContinuingOperations" xlink:label="ifrs-full_IncomeTaxExpenseContinuingOperations" />
    <loc xlink:type="locator" xlink:href="zumtobel-2023-04-30.xsd#zumtobel_AdustmentsForInterestExpenseIncome" xlink:label="zumtobel_AdustmentsForInterestExpenseIncome" />
    <loc xlink:type="locator" xlink:href="https://xbrl.ifrs.org/taxonomy/2022-03-24/full_ifrs/full_ifrs-cor_2022-03-24.xsd#ifrs-full_OtherCurrentReceivables" xlink:label="ifrs-full_OtherCurrentReceivables" />
    <loc xlink:type="locator" xlink:href="https://xbrl.ifrs.org/taxonomy/2022-03-24/full_ifrs/full_ifrs-cor_2022-03-24.xsd#ifrs-full_CashFlowsFromUsedInOperationsBeforeChangesInWorkingCapital" xlink:label="ifrs-full_CashFlowsFromUsedInOperationsBeforeChangesInWorkingCapital" />
    <loc xlink:type="locator" xlink:href="zumtobel-2023-04-30.xsd#zumtobel_FreeCashflow" xlink:label="zumtobel_FreeCashflow" />
    <loc xlink:type="locator" xlink:href="https://xbrl.ifrs.org/taxonomy/2022-03-24/full_ifrs/full_ifrs-cor_2022-03-24.xsd#ifrs-full_ProfitLossAttributableToNoncontrollingInterests" xlink:label="ifrs-full_ProfitLossAttributableToNoncontrollingInterests" />
    <loc xlink:type="locator" xlink:href="zumtobel-2023-04-30.xsd#zumtobel_NoncurrentProvisionsForEmployeeBenefitsOther" xlink:label="zumtobel_NoncurrentProvisionsForEmployeeBenefitsOther" />
    <loc xlink:type="locator" xlink:href="https://xbrl.ifrs.org/taxonomy/2022-03-24/full_ifrs/full_ifrs-cor_2022-03-24.xsd#ifrs-full_OtherComprehensiveIncomeThatWillBeReclassifiedToProfitOrLossNetOfTax" xlink:label="ifrs-full_OtherComprehensiveIncomeThatWillBeReclassifiedToProfitOrLossNetOfTax" />
    <loc xlink:type="locator" xlink:href="https://xbrl.ifrs.org/taxonomy/2022-03-24/full_ifrs/full_ifrs-cor_2022-03-24.xsd#ifrs-full_OtherNoncurrentFinancialAssets" xlink:label="ifrs-full_OtherNoncurrentFinancialAssets" />
    <loc xlink:type="locator" xlink:href="https://xbrl.ifrs.org/taxonomy/2022-03-24/full_ifrs/full_ifrs-cor_2022-03-24.xsd#ifrs-full_OtherCurrentPayables" xlink:label="ifrs-full_OtherCurrentPayables" />
    <loc xlink:type="locator" xlink:href="https://xbrl.ifrs.org/taxonomy/2022-03-24/full_ifrs/full_ifrs-cor_2022-03-24.xsd#ifrs-full_CurrentAssets" xlink:label="ifrs-full_CurrentAssets" />
    <loc xlink:type="locator" xlink:href="https://xbrl.ifrs.org/taxonomy/2022-03-24/full_ifrs/full_ifrs-cor_2022-03-24.xsd#ifrs-full_CurrentTaxLiabilitiesCurrent" xlink:label="ifrs-full_CurrentTaxLiabilitiesCurrent" />
    <loc xlink:type="locator" xlink:href="https://xbrl.ifrs.org/taxonomy/2022-03-24/full_ifrs/full_ifrs-cor_2022-03-24.xsd#ifrs-full_ProfitLossAttributableToOwnersOfParent" xlink:label="ifrs-full_ProfitLossAttributableToOwnersOfParent" />
    <loc xlink:type="locator" xlink:href="https://xbrl.ifrs.org/taxonomy/2022-03-24/full_ifrs/full_ifrs-cor_2022-03-24.xsd#ifrs-full_IncomeTaxRelatingToExchangeDifferencesOnTranslationOfOtherComprehensiveIncome" xlink:label="ifrs-full_IncomeTaxRelatingToExchangeDifferencesOnTranslationOfOtherComprehensiveIncome" />
    <loc xlink:type="locator" xlink:href="https://xbrl.ifrs.org/taxonomy/2022-03-24/full_ifrs/full_ifrs-cor_2022-03-24.xsd#ifrs-full_IncreaseDecreaseInCashAndCashEquivalents" xlink:label="ifrs-full_IncreaseDecreaseInCashAndCashEquivalents" />
    <loc xlink:type="locator" xlink:href="https://xbrl.ifrs.org/taxonomy/2022-03-24/full_ifrs/full_ifrs-cor_2022-03-24.xsd#ifrs-full_OtherComprehensiveIncomeBeforeTaxGainsLossesOnRemeasurementsOfDefinedBenefitPlans" xlink:label="ifrs-full_OtherComprehensiveIncomeBeforeTaxGainsLossesOnRemeasurementsOfDefinedBenefitPlans" />
    <loc xlink:type="locator" xlink:href="https://xbrl.ifrs.org/taxonomy/2022-03-24/full_ifrs/full_ifrs-cor_2022-03-24.xsd#ifrs-full_CashFlowsFromUsedInInvestingActivities" xlink:label="ifrs-full_CashFlowsFromUsedInInvestingActivities" />
    <loc xlink:type="locator" xlink:href="https://xbrl.ifrs.org/taxonomy/2022-03-24/full_ifrs/full_ifrs-cor_2022-03-24.xsd#ifrs-full_AdjustmentsForGainLossOnDisposalsPropertyPlantAndEquipment" xlink:label="ifrs-full_AdjustmentsForGainLossOnDisposalsPropertyPlantAndEquipment" />
    <loc xlink:type="locator" xlink:href="https://xbrl.ifrs.org/taxonomy/2022-03-24/full_ifrs/full_ifrs-cor_2022-03-24.xsd#ifrs-full_CapitalReserveMember" xlink:label="ifrs-full_CapitalReserveMember" />
    <loc xlink:type="locator" xlink:href="https://xbrl.ifrs.org/taxonomy/2022-03-24/full_ifrs/full_ifrs-cor_2022-03-24.xsd#ifrs-full_IntangibleAssetsOtherThanGoodwill" xlink:label="ifrs-full_IntangibleAssetsOtherThanGoodwill" />
    <loc xlink:type="locator" xlink:href="https://xbrl.ifrs.org/taxonomy/2022-03-24/full_ifrs/full_ifrs-cor_2022-03-24.xsd#ifrs-full_Goodwill" xlink:label="ifrs-full_Goodwill" />
    <loc xlink:type="locator" xlink:href="https://xbrl.ifrs.org/taxonomy/2022-03-24/full_ifrs/full_ifrs-cor_2022-03-24.xsd#ifrs-full_AdjustmentsForDecreaseIncreaseInInventories" xlink:label="ifrs-full_AdjustmentsForDecreaseIncreaseInInventories" />
    <loc xlink:type="locator" xlink:href="https://xbrl.ifrs.org/taxonomy/2022-03-24/full_ifrs/full_ifrs-cor_2022-03-24.xsd#ifrs-full_InterestPaidClassifiedAsFinancingActivities" xlink:label="ifrs-full_InterestPaidClassifiedAsFinancingActivities" />
    <loc xlink:type="locator" xlink:href="https://xbrl.ifrs.org/taxonomy/2022-03-24/full_ifrs/full_ifrs-cor_2022-03-24.xsd#ifrs-full_ReserveOfExchangeDifferencesOnTranslationMember" xlink:label="ifrs-full_ReserveOfExchangeDifferencesOnTranslationMember" />
    <loc xlink:type="locator" xlink:href="https://xbrl.ifrs.org/taxonomy/2022-03-24/full_ifrs/full_ifrs-cor_2022-03-24.xsd#ifrs-full_EquityAttributableToOwnersOfParent" xlink:label="ifrs-full_EquityAttributableToOwnersOfParent" />
    <loc xlink:type="locator" xlink:href="https://xbrl.ifrs.org/taxonomy/2022-03-24/full_ifrs/full_ifrs-cor_2022-03-24.xsd#ifrs-full_ShareOfProfitLossOfAssociatesAndJointVenturesAccountedForUsingEquityMethod" xlink:label="ifrs-full_ShareOfProfitLossOfAssociatesAndJointVenturesAccountedForUsingEquityMethod" />
    <loc xlink:type="locator" xlink:href="https://xbrl.ifrs.org/taxonomy/2022-03-24/full_ifrs/full_ifrs-cor_2022-03-24.xsd#ifrs-full_Revenue" xlink:label="ifrs-full_Revenue" />
    <loc xlink:type="locator" xlink:href="https://xbrl.ifrs.org/taxonomy/2022-03-24/full_ifrs/full_ifrs-cor_2022-03-24.xsd#ifrs-full_OtherComprehensiveIncomeAttributableToOwnersOfParent" xlink:label="ifrs-full_OtherComprehensiveIncomeAttributableToOwnersOfParent" />
    <loc xlink:type="locator" xlink:href="https://xbrl.ifrs.org/taxonomy/2022-03-24/full_ifrs/full_ifrs-cor_2022-03-24.xsd#ifrs-full_PurchaseOfPropertyPlantAndEquipmentClassifiedAsInvestingActivities" xlink:label="ifrs-full_PurchaseOfPropertyPlantAndEquipmentClassifiedAsInvestingActivities" />
    <loc xlink:type="locator" xlink:href="https://xbrl.ifrs.org/taxonomy/2022-03-24/full_ifrs/full_ifrs-cor_2022-03-24.xsd#ifrs-full_AdjustmentsForIncreaseDecreaseInTradeAccountPayable" xlink:label="ifrs-full_AdjustmentsForIncreaseDecreaseInTradeAccountPayable" />
    <loc xlink:type="locator" xlink:href="https://xbrl.ifrs.org/taxonomy/2022-03-24/full_ifrs/full_ifrs-cor_2022-03-24.xsd#ifrs-full_OtherLongtermProvisions" xlink:label="ifrs-full_OtherLongtermProvisions" />
    <loc xlink:type="locator" xlink:href="zumtobel-2023-04-30.xsd#zumtobel_AdjustmentsForProvisionsCurrent" xlink:label="zumtobel_AdjustmentsForProvisionsCurrent" />
    <loc xlink:type="locator" xlink:href="https://xbrl.ifrs.org/taxonomy/2022-03-24/full_ifrs/full_ifrs-cor_2022-03-24.xsd#ifrs-full_FinanceIncomeCost" xlink:label="ifrs-full_FinanceIncomeCost" />
    <loc xlink:type="locator" xlink:href="https://xbrl.ifrs.org/taxonomy/2022-03-24/full_ifrs/full_ifrs-cor_2022-03-24.xsd#ifrs-full_IssuedCapital" xlink:label="ifrs-full_IssuedCapital" />
    <loc xlink:type="locator" xlink:href="https://xbrl.ifrs.org/taxonomy/2022-03-24/full_ifrs/full_ifrs-cor_2022-03-24.xsd#ifrs-full_CurrentLiabilities" xlink:label="ifrs-full_CurrentLiabilities" />
    <loc xlink:type="locator" xlink:href="https://xbrl.ifrs.org/taxonomy/2022-03-24/full_ifrs/full_ifrs-cor_2022-03-24.xsd#ifrs-full_AdjustmentsForDecreaseIncreaseInOtherAssets" xlink:label="ifrs-full_AdjustmentsForDecreaseIncreaseInOtherAssets" />
    <loc xlink:type="locator" xlink:href="https://xbrl.ifrs.org/taxonomy/2022-03-24/full_ifrs/full_ifrs-cor_2022-03-24.xsd#ifrs-full_DeferredTaxAssets" xlink:label="ifrs-full_DeferredTaxAssets" />
    <loc xlink:type="locator" xlink:href="https://xbrl.ifrs.org/taxonomy/2022-03-24/full_ifrs/full_ifrs-cor_2022-03-24.xsd#ifrs-full_InterestExpense" xlink:label="ifrs-full_InterestExpense" />
    <loc xlink:type="locator" xlink:href="https://xbrl.ifrs.org/taxonomy/2022-03-24/full_ifrs/full_ifrs-cor_2022-03-24.xsd#ifrs-full_AdjustmentsForImpairmentLossReversalOfImpairmentLossRecognisedInProfitOrLoss" xlink:label="ifrs-full_AdjustmentsForImpairmentLossReversalOfImpairmentLossRecognisedInProfitOrLoss" />
    <loc xlink:type="locator" xlink:href="https://xbrl.ifrs.org/taxonomy/2022-03-24/full_ifrs/full_ifrs-cor_2022-03-24.xsd#ifrs-full_DividendsPaidClassifiedAsFinancingActivities" xlink:label="ifrs-full_DividendsPaidClassifiedAsFinancingActivities" />
    <loc xlink:type="locator" xlink:href="zumtobel-2023-04-30.xsd#zumtobel_ExchangeDifferencesOnTranslationAssociatedCompanies" xlink:label="zumtobel_ExchangeDifferencesOnTranslationAssociatedCompanies" />
    <loc xlink:type="locator" xlink:href="https://xbrl.ifrs.org/taxonomy/2022-03-24/full_ifrs/full_ifrs-cor_2022-03-24.xsd#ifrs-full_IncreaseDecreaseInWorkingCapital" xlink:label="ifrs-full_IncreaseDecreaseInWorkingCapital" />
    <loc xlink:type="locator" xlink:href="https://xbrl.ifrs.org/taxonomy/2022-03-24/full_ifrs/full_ifrs-cor_2022-03-24.xsd#ifrs-full_OtherComprehensiveIncomeThatWillNotBeReclassifiedToProfitOrLossNetOfTax" xlink:label="ifrs-full_OtherComprehensiveIncomeThatWillNotBeReclassifiedToProfitOrLossNetOfTax" />
    <loc xlink:type="locator" xlink:href="https://xbrl.ifrs.org/taxonomy/2022-03-24/full_ifrs/full_ifrs-cor_2022-03-24.xsd#ifrs-full_InterestReceivedClassifiedAsInvestingActivities" xlink:label="ifrs-full_InterestReceivedClassifiedAsInvestingActivities" />
    <loc xlink:type="locator" xlink:href="https://xbrl.ifrs.org/taxonomy/2022-03-24/full_ifrs/full_ifrs-cor_2022-03-24.xsd#ifrs-full_NoncontrollingInterests" xlink:label="ifrs-full_NoncontrollingInterests" />
    <loc xlink:type="locator" xlink:href="https://xbrl.ifrs.org/taxonomy/2022-03-24/full_ifrs/full_ifrs-cor_2022-03-24.xsd#ifrs-full_GrossProfit" xlink:label="ifrs-full_GrossProfit" />
    <loc xlink:type="locator" xlink:href="https://xbrl.ifrs.org/taxonomy/2022-03-24/full_ifrs/full_ifrs-cor_2022-03-24.xsd#ifrs-full_AdjustmentsForIncreaseDecreaseInOtherLiabilities" xlink:label="ifrs-full_AdjustmentsForIncreaseDecreaseInOtherLiabilities" />
    <loc xlink:type="locator" xlink:href="https://xbrl.ifrs.org/taxonomy/2022-03-24/full_ifrs/full_ifrs-cor_2022-03-24.xsd#ifrs-full_ProceedsFromSalesOfPropertyPlantAndEquipmentClassifiedAsInvestingActivities" xlink:label="ifrs-full_ProceedsFromSalesOfPropertyPlantAndEquipmentClassifiedAsInvestingActivities" />
    <loc xlink:type="locator" xlink:href="https://xbrl.ifrs.org/taxonomy/2022-03-24/full_ifrs/full_ifrs-cor_2022-03-24.xsd#ifrs-full_AdjustmentsForDepreciationAndAmortisationExpense" xlink:label="ifrs-full_AdjustmentsForDepreciationAndAmortisationExpense" />
    <loc xlink:type="locator" xlink:href="https://xbrl.ifrs.org/taxonomy/2022-03-24/full_ifrs/full_ifrs-cor_2022-03-24.xsd#ifrs-full_OtherExpenseByFunction" xlink:label="ifrs-full_OtherExpenseByFunction" />
    <loc xlink:type="locator" xlink:href="https://xbrl.ifrs.org/taxonomy/2022-03-24/full_ifrs/full_ifrs-cor_2022-03-24.xsd#ifrs-full_IncomeTaxRelatingToRemeasurementsOfDefinedBenefitPlansOfOtherComprehensiveIncome" xlink:label="ifrs-full_IncomeTaxRelatingToRemeasurementsOfDefinedBenefitPlansOfOtherComprehensiveIncome" />
    <loc xlink:type="locator" xlink:href="https://xbrl.ifrs.org/taxonomy/2022-03-24/full_ifrs/full_ifrs-cor_2022-03-24.xsd#ifrs-full_DistributionCosts" xlink:label="ifrs-full_DistributionCosts" />
    <loc xlink:type="locator" xlink:href="https://xbrl.ifrs.org/taxonomy/2022-03-24/full_ifrs/full_ifrs-cor_2022-03-24.xsd#ifrs-full_InvestmentAccountedForUsingEquityMethod" xlink:label="ifrs-full_InvestmentAccountedForUsingEquityMethod" />
    <loc xlink:type="locator" xlink:href="zumtobel-2023-04-30.xsd#zumtobel_NoncurrentProvisionsForEmployeeBenefitsSeverance" xlink:label="zumtobel_NoncurrentProvisionsForEmployeeBenefitsSeverance" />
    <loc xlink:type="locator" xlink:href="https://xbrl.ifrs.org/taxonomy/2022-03-24/full_ifrs/full_ifrs-cor_2022-03-24.xsd#ifrs-full_RepaymentsOfBorrowingsClassifiedAsFinancingActivities" xlink:label="ifrs-full_RepaymentsOfBorrowingsClassifiedAsFinancingActivities" />
    <loc xlink:type="locator" xlink:href="https://xbrl.ifrs.org/taxonomy/2022-03-24/full_ifrs/full_ifrs-cor_2022-03-24.xsd#ifrs-full_AdjustmentsForUndistributedProfitsOfAssociates" xlink:label="ifrs-full_AdjustmentsForUndistributedProfitsOfAssociates" />
    <loc xlink:type="locator" xlink:href="https://xbrl.ifrs.org/taxonomy/2022-03-24/full_ifrs/full_ifrs-cor_2022-03-24.xsd#ifrs-full_TradeAndOtherCurrentPayablesToTradeSuppliers" xlink:label="ifrs-full_TradeAndOtherCurrentPayablesToTradeSuppliers" />
    <loc xlink:type="locator" xlink:href="https://xbrl.ifrs.org/taxonomy/2022-03-24/full_ifrs/full_ifrs-cor_2022-03-24.xsd#ifrs-full_OtherCurrentFinancialAssets" xlink:label="ifrs-full_OtherCurrentFinancialAssets" />
    <loc xlink:type="locator" xlink:href="https://xbrl.ifrs.org/taxonomy/2022-03-24/full_ifrs/full_ifrs-cor_2022-03-24.xsd#ifrs-full_CashFlowsFromUsedInOperatingActivities" xlink:label="ifrs-full_CashFlowsFromUsedInOperatingActivities" />
    <loc xlink:type="locator" xlink:href="https://xbrl.ifrs.org/taxonomy/2022-03-24/full_ifrs/full_ifrs-cor_2022-03-24.xsd#ifrs-full_IncomeTaxesPaidRefundClassifiedAsOperatingActivities" xlink:label="ifrs-full_IncomeTaxesPaidRefundClassifiedAsOperatingActivities" />
    <loc xlink:type="locator" xlink:href="https://xbrl.ifrs.org/taxonomy/2022-03-24/full_ifrs/full_ifrs-cor_2022-03-24.xsd#ifrs-full_ComprehensiveIncomeAttributableToOwnersOfParent" xlink:label="ifrs-full_ComprehensiveIncomeAttributableToOwnersOfParent" />
    <loc xlink:type="locator" xlink:href="https://xbrl.ifrs.org/taxonomy/2022-03-24/full_ifrs/full_ifrs-cor_2022-03-24.xsd#ifrs-full_ProfitLoss" xlink:label="ifrs-full_ProfitLoss" />
    <loc xlink:type="locator" xlink:href="https://xbrl.ifrs.org/taxonomy/2022-03-24/full_ifrs/full_ifrs-cor_2022-03-24.xsd#ifrs-full_ReserveOfRemeasurementsOfDefinedBenefitPlansMember" xlink:label="ifrs-full_ReserveOfRemeasurementsOfDefinedBenefitPlansMember" />
    <loc xlink:type="locator" xlink:href="zumtobel-2023-04-30.xsd#zumtobel_OtherCashReceiptsPaymentsFromSalesOfEquityOrDebtInstrumentsOfOtherEntities" xlink:label="zumtobel_OtherCashReceiptsPaymentsFromSalesOfEquityOrDebtInstrumentsOfOtherEntities" />
    <loc xlink:type="locator" xlink:href="https://xbrl.ifrs.org/taxonomy/2022-03-24/full_ifrs/full_ifrs-cor_2022-03-24.xsd#ifrs-full_DividendsPaidToNoncontrollingInterestsClassifiedAsFinancingActivities" xlink:label="ifrs-full_DividendsPaidToNoncontrollingInterestsClassifiedAsFinancingActivities" />
    <loc xlink:type="locator" xlink:href="https://xbrl.ifrs.org/taxonomy/2022-03-24/full_ifrs/full_ifrs-cor_2022-03-24.xsd#ifrs-full_ProceedsFromBorrowingsClassifiedAsFinancingActivities" xlink:label="ifrs-full_ProceedsFromBorrowingsClassifiedAsFinancingActivities" />
    <loc xlink:type="locator" xlink:href="https://xbrl.ifrs.org/taxonomy/2022-03-24/full_ifrs/full_ifrs-cor_2022-03-24.xsd#ifrs-full_OtherFinanceIncomeCost" xlink:label="ifrs-full_OtherFinanceIncomeCost" />
    <loc xlink:type="locator" xlink:href="https://xbrl.ifrs.org/taxonomy/2022-03-24/full_ifrs/full_ifrs-cor_2022-03-24.xsd#ifrs-full_CurrentPortionOfLongtermBorrowings" xlink:label="ifrs-full_CurrentPortionOfLongtermBorrowings" />
    <loc xlink:type="locator" xlink:href="https://xbrl.ifrs.org/taxonomy/2022-03-24/full_ifrs/full_ifrs-cor_2022-03-24.xsd#ifrs-full_Equity" xlink:label="ifrs-full_Equity" />
    <loc xlink:type="locator" xlink:href="https://xbrl.ifrs.org/taxonomy/2022-03-24/full_ifrs/full_ifrs-cor_2022-03-24.xsd#ifrs-full_AdjustmentsForIncreaseDecreaseInDepositsFromCustomers" xlink:label="ifrs-full_AdjustmentsForIncreaseDecreaseInDepositsFromCustomers" />
    <loc xlink:type="locator" xlink:href="https://xbrl.ifrs.org/taxonomy/2022-03-24/full_ifrs/full_ifrs-cor_2022-03-24.xsd#ifrs-full_ProfitLossBeforeTax" xlink:label="ifrs-full_ProfitLossBeforeTax" />
    <loc xlink:type="locator" xlink:href="https://xbrl.ifrs.org/taxonomy/2022-03-24/full_ifrs/full_ifrs-cor_2022-03-24.xsd#ifrs-full_OtherAdjustmentsForWhichCashEffectsAreInvestingOrFinancingCashFlow" xlink:label="ifrs-full_OtherAdjustmentsForWhichCashEffectsAreInvestingOrFinancingCashFlow" />
    <loc xlink:type="locator" xlink:href="https://xbrl.ifrs.org/taxonomy/2022-03-24/full_ifrs/full_ifrs-cor_2022-03-24.xsd#ifrs-full_NoncurrentLiabilities" xlink:label="ifrs-full_NoncurrentLiabilities" />
    <loc xlink:type="locator" xlink:href="https://xbrl.ifrs.org/taxonomy/2022-03-24/full_ifrs/full_ifrs-cor_2022-03-24.xsd#ifrs-full_PropertyPlantAndEquipment" xlink:label="ifrs-full_PropertyPlantAndEquipment" />
    <loc xlink:type="locator" xlink:href="https://xbrl.ifrs.org/taxonomy/2022-03-24/full_ifrs/full_ifrs-cor_2022-03-24.xsd#ifrs-full_NoncurrentAssets" xlink:label="ifrs-full_NoncurrentAssets" />
    <loc xlink:type="locator" xlink:href="https://xbrl.ifrs.org/taxonomy/2022-03-24/full_ifrs/full_ifrs-cor_2022-03-24.xsd#ifrs-full_Assets" xlink:label="ifrs-full_Assets" />
    <loc xlink:type="locator" xlink:href="https://xbrl.ifrs.org/taxonomy/2022-03-24/full_ifrs/full_ifrs-cor_2022-03-24.xsd#ifrs-full_OtherCurrentNonfinancialAssets" xlink:label="ifrs-full_OtherCurrentNonfinancialAssets" />
    <loc xlink:type="locator" xlink:href="zumtobel-2023-04-30.xsd#zumtobel_ExchangeDifferencesOnTranslationLoans" xlink:label="zumtobel_ExchangeDifferencesOnTranslationLoans" />
    <loc xlink:type="locator" xlink:href="https://xbrl.ifrs.org/taxonomy/2022-03-24/full_ifrs/full_ifrs-cor_2022-03-24.xsd#ifrs-full_CostOfSales" xlink:label="ifrs-full_CostOfSales" />
    <loc xlink:type="locator" xlink:href="https://xbrl.ifrs.org/taxonomy/2022-03-24/full_ifrs/full_ifrs-cor_2022-03-24.xsd#ifrs-full_ComprehensiveIncome" xlink:label="ifrs-full_ComprehensiveIncome" />
    <loc xlink:type="locator" xlink:href="https://xbrl.ifrs.org/taxonomy/2022-03-24/full_ifrs/full_ifrs-cor_2022-03-24.xsd#ifrs-full_CashFlowsFromUsedInFinancingActivities" xlink:label="ifrs-full_CashFlowsFromUsedInFinancingActivities" />
    <loc xlink:type="locator" xlink:href="https://xbrl.ifrs.org/taxonomy/2022-03-24/full_ifrs/full_ifrs-cor_2022-03-24.xsd#ifrs-full_AdministrativeExpense" xlink:label="ifrs-full_AdministrativeExpense" />
    <loc xlink:type="locator" xlink:href="zumtobel-2023-04-30.xsd#zumtobel_RetainedEarningsAndOtherReserves" xlink:label="zumtobel_RetainedEarningsAndOtherReserves" />
    <loc xlink:type="locator" xlink:href="https://xbrl.ifrs.org/taxonomy/2022-03-24/full_ifrs/full_ifrs-cor_2022-03-24.xsd#ifrs-full_DividendsPaid" xlink:label="ifrs-full_DividendsPaid" />
    <loc xlink:type="locator" xlink:href="https://xbrl.ifrs.org/taxonomy/2022-03-24/full_ifrs/full_ifrs-cor_2022-03-24.xsd#ifrs-full_OtherNoncurrentNonfinancialAssets" xlink:label="ifrs-full_OtherNoncurrentNonfinancialAssets" />
    <loc xlink:type="locator" xlink:href="https://xbrl.ifrs.org/taxonomy/2022-03-24/full_ifrs/full_ifrs-cor_2022-03-24.xsd#ifrs-full_OtherNoncurrentPayables" xlink:label="ifrs-full_OtherNoncurrentPayables" />
    <loc xlink:type="locator" xlink:href="https://xbrl.ifrs.org/taxonomy/2022-03-24/full_ifrs/full_ifrs-cor_2022-03-24.xsd#ifrs-full_CapitalReserve" xlink:label="ifrs-full_CapitalReserve" />
    <loc xlink:type="locator" xlink:href="https://xbrl.ifrs.org/taxonomy/2022-03-24/full_ifrs/full_ifrs-cor_2022-03-24.xsd#ifrs-full_AdjustmentsForDecreaseIncreaseInTradeAccountReceivable" xlink:label="ifrs-full_AdjustmentsForDecreaseIncreaseInTradeAccountReceivable" />
    <loc xlink:type="locator" xlink:href="https://xbrl.ifrs.org/taxonomy/2022-03-24/full_ifrs/full_ifrs-cor_2022-03-24.xsd#ifrs-full_ComprehensiveIncomeAttributableToNoncontrollingInterests" xlink:label="ifrs-full_ComprehensiveIncomeAttributableToNoncontrollingInterests" />
    <loc xlink:type="locator" xlink:href="https://xbrl.ifrs.org/taxonomy/2022-03-24/full_ifrs/full_ifrs-cor_2022-03-24.xsd#ifrs-full_OtherIncome" xlink:label="ifrs-full_OtherIncome" />
    <loc xlink:type="locator" xlink:href="zumtobel-2023-04-30.xsd#zumtobel_AdjustmentsForProvisionsNonCurrent" xlink:label="zumtobel_AdjustmentsForProvisionsNonCurrent" />
    <loc xlink:type="locator" xlink:href="https://xbrl.ifrs.org/taxonomy/2022-03-24/full_ifrs/full_ifrs-cor_2022-03-24.xsd#ifrs-full_CurrentTradeReceivables" xlink:label="ifrs-full_CurrentTradeReceivables" />
    <labelArc xlink:type="arc" xlink:from="ifrs-full_Revenue" xlink:to="label_zumtobel_ifrs-fullRevenue_Verbose" order="1" xlink:arcrole="http://www.xbrl.org/2003/arcrole/concept-label" priority="100" />
    <labelArc xlink:type="arc" xlink:from="ifrs-full_CostOfSales" xlink:to="label_zumtobel_ifrs-fullCostOfSales_Verbose" order="1" xlink:arcrole="http://www.xbrl.org/2003/arcrole/concept-label" priority="100" />
    <labelArc xlink:type="arc" xlink:from="ifrs-full_GrossProfit" xlink:to="label_zumtobel_ifrs-fullGrossProfit_Verbose" order="1" xlink:arcrole="http://www.xbrl.org/2003/arcrole/concept-label" priority="100" />
    <labelArc xlink:type="arc" xlink:from="ifrs-full_DistributionCosts" xlink:to="label_zumtobel_ifrs-fullDistributionCosts_Standard" order="1" xlink:arcrole="http://www.xbrl.org/2003/arcrole/concept-label" priority="100" />
    <labelArc xlink:type="arc" xlink:from="ifrs-full_AdministrativeExpense" xlink:to="label_zumtobel_ifrs-fullAdministrativeExpense_Standard" order="1" xlink:arcrole="http://www.xbrl.org/2003/arcrole/concept-label" priority="100" />
    <labelArc xlink:type="arc" xlink:from="ifrs-full_OtherIncome" xlink:to="label_zumtobel_ifrs-fullOtherIncome_Verbose" order="1" xlink:arcrole="http://www.xbrl.org/2003/arcrole/concept-label" priority="100" />
    <labelArc xlink:type="arc" xlink:from="ifrs-full_OtherExpenseByFunction" xlink:to="label_zumtobel_ifrs-fullOtherExpenseByFunction_Verbose" order="1" xlink:arcrole="http://www.xbrl.org/2003/arcrole/concept-label" priority="100" />
    <labelArc xlink:type="arc" xlink:from="ifrs-full_ProfitLossFromOperatingActivities" xlink:to="label_zumtobel_ifrs-fullProfitLossFromOperatingActivities_Verbose" order="1" xlink:arcrole="http://www.xbrl.org/2003/arcrole/concept-label" priority="100" />
    <labelArc xlink:type="arc" xlink:from="ifrs-full_InterestExpense" xlink:to="label_zumtobel_ifrs-fullInterestExpense_Standard" order="1" xlink:arcrole="http://www.xbrl.org/2003/arcrole/concept-label" priority="100" />
    <labelArc xlink:type="arc" xlink:from="ifrs-full_RevenueFromInterest" xlink:to="label_zumtobel_ifrs-fullRevenueFromInterest_Standard" order="1" xlink:arcrole="http://www.xbrl.org/2003/arcrole/concept-label" priority="100" />
    <labelArc xlink:type="arc" xlink:from="ifrs-full_OtherFinanceIncomeCost" xlink:to="label_zumtobel_ifrs-fullOtherFinanceIncomeCost_Standard" order="1" xlink:arcrole="http://www.xbrl.org/2003/arcrole/concept-label" priority="100" />
    <labelArc xlink:type="arc" xlink:from="ifrs-full_ShareOfProfitLossOfAssociatesAndJointVenturesAccountedForUsingEquityMethod" xlink:to="label_zumtobel_ifrs-fullShareOfProfitLossOfAssociatesAndJointVenturesAccountedForUsingEquityMethod_Verbose" order="1" xlink:arcrole="http://www.xbrl.org/2003/arcrole/concept-label" priority="100" />
    <labelArc xlink:type="arc" xlink:from="ifrs-full_FinanceIncomeCost" xlink:to="label_zumtobel_ifrs-fullFinanceIncomeCost_Standard" order="1" xlink:arcrole="http://www.xbrl.org/2003/arcrole/concept-label" priority="100" />
    <labelArc xlink:type="arc" xlink:from="ifrs-full_ProfitLossBeforeTax" xlink:to="label_zumtobel_ifrs-fullProfitLossBeforeTax_Verbose" order="1" xlink:arcrole="http://www.xbrl.org/2003/arcrole/concept-label" priority="100" />
    <labelArc xlink:type="arc" xlink:from="ifrs-full_IncomeTaxExpenseContinuingOperations" xlink:to="label_zumtobel_ifrs-fullIncomeTaxExpenseContinuingOperations_Verbose" order="1" xlink:arcrole="http://www.xbrl.org/2003/arcrole/concept-label" priority="100" />
    <labelArc xlink:type="arc" xlink:from="ifrs-full_ProfitLoss" xlink:to="label_zumtobel_ifrs-fullProfitLoss_Standard" order="1" xlink:arcrole="http://www.xbrl.org/2003/arcrole/concept-label" priority="100" />
    <labelArc xlink:type="arc" xlink:from="ifrs-full_ProfitLossAttributableToNoncontrollingInterests" xlink:to="label_zumtobel_ifrs-fullProfitLossAttributableToNoncontrollingInterests_Verbose" order="1" xlink:arcrole="http://www.xbrl.org/2003/arcrole/concept-label" priority="100" />
    <labelArc xlink:type="arc" xlink:from="ifrs-full_ProfitLossAttributableToOwnersOfParent" xlink:to="label_zumtobel_ifrs-fullProfitLossAttributableToOwnersOfParent_Verbose" order="1" xlink:arcrole="http://www.xbrl.org/2003/arcrole/concept-label" priority="100" />
    <labelArc xlink:type="arc" xlink:from="ifrs-full_OtherComprehensiveIncomeBeforeTaxGainsLossesOnRemeasurementsOfDefinedBenefitPlans" xlink:to="label_zumtobel_ifrs-fullOtherComprehensiveIncomeBeforeTaxGainsLossesOnRemeasurementsOfDefinedBenefitPlans_Standard" order="1" xlink:arcrole="http://www.xbrl.org/2003/arcrole/concept-label" priority="100" />
    <labelArc xlink:type="arc" xlink:from="ifrs-full_IncomeTaxRelatingToRemeasurementsOfDefinedBenefitPlansOfOtherComprehensiveIncome" xlink:to="label_zumtobel_ifrs-fullIncomeTaxRelatingToRemeasurementsOfDefinedBenefitPlansOfOtherComprehensiveIncome_Standard" order="1" xlink:arcrole="http://www.xbrl.org/2003/arcrole/concept-label" priority="100" />
    <labelArc xlink:type="arc" xlink:from="ifrs-full_OtherComprehensiveIncomeThatWillNotBeReclassifiedToProfitOrLossNetOfTax" xlink:to="label_zumtobel_ifrs-fullOtherComprehensiveIncomeThatWillNotBeReclassifiedToProfitOrLossNetOfTax_Total" order="1" xlink:arcrole="http://www.xbrl.org/2003/arcrole/concept-label" priority="100" />
    <labelArc xlink:type="arc" xlink:from="zumtobel_ExchangeDifferencesOnTranslation" xlink:to="label_zumtobel_zumtobelExchangeDifferencesOnTranslation_Standard" order="1" xlink:arcrole="http://www.xbrl.org/2003/arcrole/concept-label" />
    <labelArc xlink:type="arc" xlink:from="zumtobel_ExchangeDifferencesOnTranslationAssociatedCompanies" xlink:to="label_zumtobel_zumtobelExchangeDifferencesOnTranslationAssociatedCompanies_Standard" order="1" xlink:arcrole="http://www.xbrl.org/2003/arcrole/concept-label" />
    <labelArc xlink:type="arc" xlink:from="zumtobel_ExchangeDifferencesOnTranslationLoans" xlink:to="label_zumtobel_zumtobelExchangeDifferencesOnTranslationLoans_Standard" order="1" xlink:arcrole="http://www.xbrl.org/2003/arcrole/concept-label" />
    <labelArc xlink:type="arc" xlink:from="ifrs-full_IncomeTaxRelatingToExchangeDifferencesOnTranslationOfOtherComprehensiveIncome" xlink:to="label_zumtobel_ifrs-fullIncomeTaxRelatingToExchangeDifferencesOnTranslationOfOtherComprehensiveIncome_Standard" order="1" xlink:arcrole="http://www.xbrl.org/2003/arcrole/concept-label" priority="100" />
    <labelArc xlink:type="arc" xlink:from="ifrs-full_OtherComprehensiveIncomeThatWillBeReclassifiedToProfitOrLossNetOfTax" xlink:to="label_zumtobel_ifrs-fullOtherComprehensiveIncomeThatWillBeReclassifiedToProfitOrLossNetOfTax_Total" order="1" xlink:arcrole="http://www.xbrl.org/2003/arcrole/concept-label" priority="100" />
    <labelArc xlink:type="arc" xlink:from="ifrs-full_OtherComprehensiveIncome" xlink:to="label_zumtobel_ifrs-fullOtherComprehensiveIncome_Standard" order="1" xlink:arcrole="http://www.xbrl.org/2003/arcrole/concept-label" priority="100" />
    <labelArc xlink:type="arc" xlink:from="ifrs-full_OtherComprehensiveIncomeAttributableToNoncontrollingInterests" xlink:to="label_zumtobel_ifrs-fullOtherComprehensiveIncomeAttributableToNoncontrollingInterests_Standard" order="1" xlink:arcrole="http://www.xbrl.org/2003/arcrole/concept-label" priority="100" />
    <labelArc xlink:type="arc" xlink:from="ifrs-full_OtherComprehensiveIncomeAttributableToOwnersOfParent" xlink:to="label_zumtobel_ifrs-fullOtherComprehensiveIncomeAttributableToOwnersOfParent_Standard" order="1" xlink:arcrole="http://www.xbrl.org/2003/arcrole/concept-label" priority="100" />
    <labelArc xlink:type="arc" xlink:from="ifrs-full_ComprehensiveIncome" xlink:to="label_zumtobel_ifrs-fullComprehensiveIncome_Standard" order="1" xlink:arcrole="http://www.xbrl.org/2003/arcrole/concept-label" priority="100" />
    <labelArc xlink:type="arc" xlink:from="ifrs-full_ComprehensiveIncomeAttributableToNoncontrollingInterests" xlink:to="label_zumtobel_ifrs-fullComprehensiveIncomeAttributableToNoncontrollingInterests_Standard" order="1" xlink:arcrole="http://www.xbrl.org/2003/arcrole/concept-label" priority="100" />
    <labelArc xlink:type="arc" xlink:from="ifrs-full_ComprehensiveIncomeAttributableToOwnersOfParent" xlink:to="label_zumtobel_ifrs-fullComprehensiveIncomeAttributableToOwnersOfParent_Standard" order="1" xlink:arcrole="http://www.xbrl.org/2003/arcrole/concept-label" priority="100" />
    <labelArc xlink:type="arc" xlink:from="ifrs-full_Goodwill" xlink:to="label_zumtobel_ifrs-fullGoodwill_Verbose" order="1" xlink:arcrole="http://www.xbrl.org/2003/arcrole/concept-label" priority="100" />
    <labelArc xlink:type="arc" xlink:from="ifrs-full_IntangibleAssetsOtherThanGoodwill" xlink:to="label_zumtobel_ifrs-fullIntangibleAssetsOtherThanGoodwill_Verbose" order="1" xlink:arcrole="http://www.xbrl.org/2003/arcrole/concept-label" priority="100" />
    <labelArc xlink:type="arc" xlink:from="ifrs-full_PropertyPlantAndEquipment" xlink:to="label_zumtobel_ifrs-fullPropertyPlantAndEquipment_Verbose" order="1" xlink:arcrole="http://www.xbrl.org/2003/arcrole/concept-label" priority="100" />
    <labelArc xlink:type="arc" xlink:from="ifrs-full_InvestmentAccountedForUsingEquityMethod" xlink:to="label_zumtobel_ifrs-fullInvestmentAccountedForUsingEquityMethod_Verbose" order="1" xlink:arcrole="http://www.xbrl.org/2003/arcrole/concept-label" priority="100" />
    <labelArc xlink:type="arc" xlink:from="ifrs-full_OtherNoncurrentFinancialAssets" xlink:to="label_zumtobel_ifrs-fullOtherNoncurrentFinancialAssets_Verbose" order="1" xlink:arcrole="http://www.xbrl.org/2003/arcrole/concept-label" priority="100" />
    <labelArc xlink:type="arc" xlink:from="ifrs-full_OtherNoncurrentNonfinancialAssets" xlink:to="label_zumtobel_ifrs-fullOtherNoncurrentNonfinancialAssets_Verbose" order="1" xlink:arcrole="http://www.xbrl.org/2003/arcrole/concept-label" priority="100" />
    <labelArc xlink:type="arc" xlink:from="ifrs-full_DeferredTaxAssets" xlink:to="label_zumtobel_ifrs-fullDeferredTaxAssets_Verbose" order="1" xlink:arcrole="http://www.xbrl.org/2003/arcrole/concept-label" priority="100" />
    <labelArc xlink:type="arc" xlink:from="ifrs-full_NoncurrentAssets" xlink:to="label_zumtobel_ifrs-fullNoncurrentAssets_Verbose" order="1" xlink:arcrole="http://www.xbrl.org/2003/arcrole/concept-label" priority="100" />
    <labelArc xlink:type="arc" xlink:from="ifrs-full_Inventories" xlink:to="label_zumtobel_ifrs-fullInventories_Verbose" order="1" xlink:arcrole="http://www.xbrl.org/2003/arcrole/concept-label" priority="100" />
    <labelArc xlink:type="arc" xlink:from="ifrs-full_CurrentTradeReceivables" xlink:to="label_zumtobel_ifrs-fullCurrentTradeReceivables_Verbose" order="1" xlink:arcrole="http://www.xbrl.org/2003/arcrole/concept-label" priority="100" />
    <labelArc xlink:type="arc" xlink:from="ifrs-full_OtherCurrentFinancialAssets" xlink:to="label_zumtobel_ifrs-fullOtherCurrentFinancialAssets_Verbose" order="1" xlink:arcrole="http://www.xbrl.org/2003/arcrole/concept-label" priority="100" />
    <labelArc xlink:type="arc" xlink:from="ifrs-full_OtherCurrentReceivables" xlink:to="label_zumtobel_ifrs-fullOtherCurrentReceivables_Verbose" order="1" xlink:arcrole="http://www.xbrl.org/2003/arcrole/concept-label" priority="100" />
    <labelArc xlink:type="arc" xlink:from="ifrs-full_OtherCurrentNonfinancialAssets" xlink:to="label_zumtobel_ifrs-fullOtherCurrentNonfinancialAssets_Standard" order="1" xlink:arcrole="http://www.xbrl.org/2003/arcrole/concept-label" priority="100" />
    <labelArc xlink:type="arc" xlink:from="ifrs-full_CurrentAssets" xlink:to="label_zumtobel_ifrs-fullCurrentAssets_Verbose" order="1" xlink:arcrole="http://www.xbrl.org/2003/arcrole/concept-label" priority="100" />
    <labelArc xlink:type="arc" xlink:from="ifrs-full_Assets" xlink:to="label_zumtobel_ifrs-fullAssets_Verbose" order="1" xlink:arcrole="http://www.xbrl.org/2003/arcrole/concept-label" priority="100" />
    <labelArc xlink:type="arc" xlink:from="ifrs-full_IssuedCapital" xlink:to="label_zumtobel_ifrs-fullIssuedCapital_Standard" order="1" xlink:arcrole="http://www.xbrl.org/2003/arcrole/concept-label" priority="100" />
    <labelArc xlink:type="arc" xlink:from="ifrs-full_CapitalReserve" xlink:to="label_zumtobel_ifrs-fullCapitalReserve_Standard" order="1" xlink:arcrole="http://www.xbrl.org/2003/arcrole/concept-label" priority="100" />
    <labelArc xlink:type="arc" xlink:from="zumtobel_RetainedEarningsAndOtherReserves" xlink:to="label_zumtobel_zumtobelRetainedEarningsAndOtherReserves_Standard" order="1" xlink:arcrole="http://www.xbrl.org/2003/arcrole/concept-label" />
    <labelArc xlink:type="arc" xlink:from="ifrs-full_EquityAttributableToOwnersOfParent" xlink:to="label_zumtobel_ifrs-fullEquityAttributableToOwnersOfParent_Verbose" order="1" xlink:arcrole="http://www.xbrl.org/2003/arcrole/concept-label" priority="100" />
    <labelArc xlink:type="arc" xlink:from="ifrs-full_NoncontrollingInterests" xlink:to="label_zumtobel_ifrs-fullNoncontrollingInterests_Verbose" order="1" xlink:arcrole="http://www.xbrl.org/2003/arcrole/concept-label" priority="100" />
    <labelArc xlink:type="arc" xlink:from="ifrs-full_Equity" xlink:to="label_zumtobel_ifrs-fullEquity_Verbose" order="1" xlink:arcrole="http://www.xbrl.org/2003/arcrole/concept-label" priority="100" />
    <labelArc xlink:type="arc" xlink:from="zumtobel_NoncurrentProvisionsForEmployeeBenefitsPensions" xlink:to="label_zumtobel_zumtobelNoncurrentProvisionsForEmployeeBenefitsPensions_Standard" order="1" xlink:arcrole="http://www.xbrl.org/2003/arcrole/concept-label" />
    <labelArc xlink:type="arc" xlink:from="zumtobel_NoncurrentProvisionsForEmployeeBenefitsSeverance" xlink:to="label_zumtobel_zumtobelNoncurrentProvisionsForEmployeeBenefitsSeverance_Standard" order="1" xlink:arcrole="http://www.xbrl.org/2003/arcrole/concept-label" />
    <labelArc xlink:type="arc" xlink:from="zumtobel_NoncurrentProvisionsForEmployeeBenefitsOther" xlink:to="label_zumtobel_zumtobelNoncurrentProvisionsForEmployeeBenefitsOther_Standard" order="1" xlink:arcrole="http://www.xbrl.org/2003/arcrole/concept-label" />
    <labelArc xlink:type="arc" xlink:from="ifrs-full_OtherLongtermProvisions" xlink:to="label_zumtobel_ifrs-fullOtherLongtermProvisions_Verbose" order="1" xlink:arcrole="http://www.xbrl.org/2003/arcrole/concept-label" priority="100" />
    <labelArc xlink:type="arc" xlink:from="ifrs-full_LongtermBorrowings" xlink:to="label_zumtobel_ifrs-fullLongtermBorrowings_Standard" order="1" xlink:arcrole="http://www.xbrl.org/2003/arcrole/concept-label" priority="100" />
    <labelArc xlink:type="arc" xlink:from="ifrs-full_OtherNoncurrentPayables" xlink:to="label_zumtobel_ifrs-fullOtherNoncurrentPayables_Verbose" order="1" xlink:arcrole="http://www.xbrl.org/2003/arcrole/concept-label" priority="100" />
    <labelArc xlink:type="arc" xlink:from="ifrs-full_DeferredTaxLiabilities" xlink:to="label_zumtobel_ifrs-fullDeferredTaxLiabilities_Verbose" order="1" xlink:arcrole="http://www.xbrl.org/2003/arcrole/concept-label" priority="100" />
    <labelArc xlink:type="arc" xlink:from="ifrs-full_NoncurrentLiabilities" xlink:to="label_zumtobel_ifrs-fullNoncurrentLiabilities_Verbose" order="1" xlink:arcrole="http://www.xbrl.org/2003/arcrole/concept-label" priority="100" />
    <labelArc xlink:type="arc" xlink:from="ifrs-full_CurrentTaxLiabilitiesCurrent" xlink:to="label_zumtobel_ifrs-fullCurrentTaxLiabilitiesCurrent_Verbose" order="1" xlink:arcrole="http://www.xbrl.org/2003/arcrole/concept-label" priority="100" />
    <labelArc xlink:type="arc" xlink:from="ifrs-full_OtherShorttermProvisions" xlink:to="label_zumtobel_ifrs-fullOtherShorttermProvisions_Verbose" order="1" xlink:arcrole="http://www.xbrl.org/2003/arcrole/concept-label" priority="100" />
    <labelArc xlink:type="arc" xlink:from="ifrs-full_CurrentPortionOfLongtermBorrowings" xlink:to="label_zumtobel_ifrs-fullCurrentPortionOfLongtermBorrowings_Verbose" order="1" xlink:arcrole="http://www.xbrl.org/2003/arcrole/concept-label" priority="100" />
    <labelArc xlink:type="arc" xlink:from="ifrs-full_TradeAndOtherCurrentPayablesToTradeSuppliers" xlink:to="label_zumtobel_ifrs-fullTradeAndOtherCurrentPayablesToTradeSuppliers_Verbose" order="1" xlink:arcrole="http://www.xbrl.org/2003/arcrole/concept-label" priority="100" />
    <labelArc xlink:type="arc" xlink:from="ifrs-full_OtherCurrentPayables" xlink:to="label_zumtobel_ifrs-fullOtherCurrentPayables_Standard" order="1" xlink:arcrole="http://www.xbrl.org/2003/arcrole/concept-label" priority="100" />
    <labelArc xlink:type="arc" xlink:from="ifrs-full_CurrentLiabilities" xlink:to="label_zumtobel_ifrs-fullCurrentLiabilities_Verbose" order="1" xlink:arcrole="http://www.xbrl.org/2003/arcrole/concept-label" priority="100" />
    <labelArc xlink:type="arc" xlink:from="ifrs-full_EquityAndLiabilities" xlink:to="label_zumtobel_ifrs-fullEquityAndLiabilities_Verbose" order="1" xlink:arcrole="http://www.xbrl.org/2003/arcrole/concept-label" priority="100" />
    <labelArc xlink:type="arc" xlink:from="ifrs-full_ProfitLossBeforeTax" xlink:to="label_zumtobel_ifrs-fullProfitLossBeforeTax_Standard" order="1" xlink:arcrole="http://www.xbrl.org/2003/arcrole/concept-label" priority="100" />
    <labelArc xlink:type="arc" xlink:from="ifrs-full_AdjustmentsForDepreciationAndAmortisationExpense" xlink:to="label_zumtobel_ifrs-fullAdjustmentsForDepreciationAndAmortisationExpense_Standard" order="1" xlink:arcrole="http://www.xbrl.org/2003/arcrole/concept-label" priority="100" />
    <labelArc xlink:type="arc" xlink:from="ifrs-full_AdjustmentsForImpairmentLossReversalOfImpairmentLossRecognisedInProfitOrLoss" xlink:to="label_zumtobel_ifrs-fullAdjustmentsForImpairmentLossReversalOfImpairmentLossRecognisedInProfitOrLoss_Standard" order="1" xlink:arcrole="http://www.xbrl.org/2003/arcrole/concept-label" priority="100" />
    <labelArc xlink:type="arc" xlink:from="ifrs-full_AdjustmentsForGainLossOnDisposalsPropertyPlantAndEquipment" xlink:to="label_zumtobel_ifrs-fullAdjustmentsForGainLossOnDisposalsPropertyPlantAndEquipment_Standard" order="1" xlink:arcrole="http://www.xbrl.org/2003/arcrole/concept-label" priority="100" />
    <labelArc xlink:type="arc" xlink:from="ifrs-full_AdjustmentsForFinanceIncomeCost" xlink:to="label_zumtobel_ifrs-fullAdjustmentsForFinanceIncomeCost_Standard" order="1" xlink:arcrole="http://www.xbrl.org/2003/arcrole/concept-label" priority="100" />
    <labelArc xlink:type="arc" xlink:from="zumtobel_AdustmentsForInterestExpenseIncome" xlink:to="label_zumtobel_zumtobelAdustmentsForInterestExpenseIncome_Standard" order="1" xlink:arcrole="http://www.xbrl.org/2003/arcrole/concept-label" />
    <labelArc xlink:type="arc" xlink:from="ifrs-full_AdjustmentsForUndistributedProfitsOfAssociates" xlink:to="label_zumtobel_ifrs-fullAdjustmentsForUndistributedProfitsOfAssociates_Standard" order="1" xlink:arcrole="http://www.xbrl.org/2003/arcrole/concept-label" priority="100" />
    <labelArc xlink:type="arc" xlink:from="ifrs-full_OtherAdjustmentsForWhichCashEffectsAreInvestingOrFinancingCashFlow" xlink:to="label_zumtobel_ifrs-fullOtherAdjustmentsForWhichCashEffectsAreInvestingOrFinancingCashFlow_Standard" order="1" xlink:arcrole="http://www.xbrl.org/2003/arcrole/concept-label" priority="100" />
    <labelArc xlink:type="arc" xlink:from="ifrs-full_CashFlowsFromUsedInOperationsBeforeChangesInWorkingCapital" xlink:to="label_zumtobel_ifrs-fullCashFlowsFromUsedInOperationsBeforeChangesInWorkingCapital_Standard" order="1" xlink:arcrole="http://www.xbrl.org/2003/arcrole/concept-label" priority="100" />
    <labelArc xlink:type="arc" xlink:from="ifrs-full_AdjustmentsForDecreaseIncreaseInInventories" xlink:to="label_zumtobel_ifrs-fullAdjustmentsForDecreaseIncreaseInInventories_Standard" order="1" xlink:arcrole="http://www.xbrl.org/2003/arcrole/concept-label" priority="100" />
    <labelArc xlink:type="arc" xlink:from="ifrs-full_AdjustmentsForDecreaseIncreaseInTradeAccountReceivable" xlink:to="label_zumtobel_ifrs-fullAdjustmentsForDecreaseIncreaseInTradeAccountReceivable_Standard" order="1" xlink:arcrole="http://www.xbrl.org/2003/arcrole/concept-label" priority="100" />
    <labelArc xlink:type="arc" xlink:from="ifrs-full_AdjustmentsForIncreaseDecreaseInTradeAccountPayable" xlink:to="label_zumtobel_ifrs-fullAdjustmentsForIncreaseDecreaseInTradeAccountPayable_Standard" order="1" xlink:arcrole="http://www.xbrl.org/2003/arcrole/concept-label" priority="100" />
    <labelArc xlink:type="arc" xlink:from="ifrs-full_AdjustmentsForIncreaseDecreaseInDepositsFromCustomers" xlink:to="label_zumtobel_ifrs-fullAdjustmentsForIncreaseDecreaseInDepositsFromCustomers_Standard" order="1" xlink:arcrole="http://www.xbrl.org/2003/arcrole/concept-label" priority="100" />
    <labelArc xlink:type="arc" xlink:from="ifrs-full_IncreaseDecreaseInWorkingCapital" xlink:to="label_zumtobel_ifrs-fullIncreaseDecreaseInWorkingCapital_Standard" order="1" xlink:arcrole="http://www.xbrl.org/2003/arcrole/concept-label" priority="100" />
    <labelArc xlink:type="arc" xlink:from="zumtobel_AdjustmentsForProvisionsNonCurrent" xlink:to="label_zumtobel_zumtobelAdjustmentsForProvisionsNonCurrent_Standard" order="1" xlink:arcrole="http://www.xbrl.org/2003/arcrole/concept-label" />
    <labelArc xlink:type="arc" xlink:from="zumtobel_AdjustmentsForProvisionsCurrent" xlink:to="label_zumtobel_zumtobelAdjustmentsForProvisionsCurrent_Standard" order="1" xlink:arcrole="http://www.xbrl.org/2003/arcrole/concept-label" />
    <labelArc xlink:type="arc" xlink:from="ifrs-full_AdjustmentsForDecreaseIncreaseInOtherAssets" xlink:to="label_zumtobel_ifrs-fullAdjustmentsForDecreaseIncreaseInOtherAssets_Standard" order="1" xlink:arcrole="http://www.xbrl.org/2003/arcrole/concept-label" priority="100" />
    <labelArc xlink:type="arc" xlink:from="ifrs-full_AdjustmentsForIncreaseDecreaseInOtherLiabilities" xlink:to="label_zumtobel_ifrs-fullAdjustmentsForIncreaseDecreaseInOtherLiabilities_Standard" order="1" xlink:arcrole="http://www.xbrl.org/2003/arcrole/concept-label" priority="100" />
    <labelArc xlink:type="arc" xlink:from="zumtobel_AdjustmentsForIncreaseDecreaseInOtherOperatingActivities" xlink:to="label_zumtobel_zumtobelAdjustmentsForIncreaseDecreaseInOtherOperatingActivities_Standard" order="1" xlink:arcrole="http://www.xbrl.org/2003/arcrole/concept-label" />
    <labelArc xlink:type="arc" xlink:from="ifrs-full_IncomeTaxesPaidRefundClassifiedAsOperatingActivities" xlink:to="label_zumtobel_ifrs-fullIncomeTaxesPaidRefundClassifiedAsOperatingActivities_Standard" order="1" xlink:arcrole="http://www.xbrl.org/2003/arcrole/concept-label" priority="100" />
    <labelArc xlink:type="arc" xlink:from="ifrs-full_CashFlowsFromUsedInOperatingActivities" xlink:to="label_zumtobel_ifrs-fullCashFlowsFromUsedInOperatingActivities_Standard" order="1" xlink:arcrole="http://www.xbrl.org/2003/arcrole/concept-label" priority="100" />
    <labelArc xlink:type="arc" xlink:from="ifrs-full_ProceedsFromSalesOfPropertyPlantAndEquipmentClassifiedAsInvestingActivities" xlink:to="label_zumtobel_ifrs-fullProceedsFromSalesOfPropertyPlantAndEquipmentClassifiedAsInvestingActivities_Standard" order="1" xlink:arcrole="http://www.xbrl.org/2003/arcrole/concept-label" priority="100" />
    <labelArc xlink:type="arc" xlink:from="ifrs-full_PurchaseOfPropertyPlantAndEquipmentClassifiedAsInvestingActivities" xlink:to="label_zumtobel_ifrs-fullPurchaseOfPropertyPlantAndEquipmentClassifiedAsInvestingActivities_Standard" order="1" xlink:arcrole="http://www.xbrl.org/2003/arcrole/concept-label" priority="100" />
    <labelArc xlink:type="arc" xlink:from="zumtobel_OtherCashReceiptsPaymentsFromSalesOfEquityOrDebtInstrumentsOfOtherEntities" xlink:to="label_zumtobel_zumtobelOtherCashReceiptsPaymentsFromSalesOfEquityOrDebtInstrumentsOfOtherEntities_Standard" order="1" xlink:arcrole="http://www.xbrl.org/2003/arcrole/concept-label" />
    <labelArc xlink:type="arc" xlink:from="ifrs-full_InterestReceivedClassifiedAsInvestingActivities" xlink:to="label_zumtobel_ifrs-fullInterestReceivedClassifiedAsInvestingActivities_Standard" order="1" xlink:arcrole="http://www.xbrl.org/2003/arcrole/concept-label" priority="100" />
    <labelArc xlink:type="arc" xlink:from="ifrs-full_CashFlowsFromUsedInInvestingActivities" xlink:to="label_zumtobel_ifrs-fullCashFlowsFromUsedInInvestingActivities_Standard" order="1" xlink:arcrole="http://www.xbrl.org/2003/arcrole/concept-label" priority="100" />
    <labelArc xlink:type="arc" xlink:from="zumtobel_FreeCashflow" xlink:to="label_zumtobel_zumtobelFreeCashflow_Standard" order="1" xlink:arcrole="http://www.xbrl.org/2003/arcrole/concept-label" />
    <labelArc xlink:type="arc" xlink:from="ifrs-full_ProceedsFromBorrowingsClassifiedAsFinancingActivities" xlink:to="label_zumtobel_ifrs-fullProceedsFromBorrowingsClassifiedAsFinancingActivities_Standard" order="1" xlink:arcrole="http://www.xbrl.org/2003/arcrole/concept-label" priority="100" />
    <labelArc xlink:type="arc" xlink:from="ifrs-full_RepaymentsOfBorrowingsClassifiedAsFinancingActivities" xlink:to="label_zumtobel_ifrs-fullRepaymentsOfBorrowingsClassifiedAsFinancingActivities_Standard" order="1" xlink:arcrole="http://www.xbrl.org/2003/arcrole/concept-label" priority="100" />
    <labelArc xlink:type="arc" xlink:from="ifrs-full_DividendsPaidClassifiedAsFinancingActivities" xlink:to="label_zumtobel_ifrs-fullDividendsPaidClassifiedAsFinancingActivities_Standard" order="1" xlink:arcrole="http://www.xbrl.org/2003/arcrole/concept-label" priority="100" />
    <labelArc xlink:type="arc" xlink:from="ifrs-full_DividendsPaidToNoncontrollingInterestsClassifiedAsFinancingActivities" xlink:to="label_zumtobel_ifrs-fullDividendsPaidToNoncontrollingInterestsClassifiedAsFinancingActivities_Standard" order="1" xlink:arcrole="http://www.xbrl.org/2003/arcrole/concept-label" priority="100" />
    <labelArc xlink:type="arc" xlink:from="ifrs-full_InterestPaidClassifiedAsFinancingActivities" xlink:to="label_zumtobel_ifrs-fullInterestPaidClassifiedAsFinancingActivities_Standard" order="1" xlink:arcrole="http://www.xbrl.org/2003/arcrole/concept-label" priority="100" />
    <labelArc xlink:type="arc" xlink:from="ifrs-full_CashFlowsFromUsedInFinancingActivities" xlink:to="label_zumtobel_ifrs-fullCashFlowsFromUsedInFinancingActivities_Standard" order="1" xlink:arcrole="http://www.xbrl.org/2003/arcrole/concept-label" priority="100" />
    <labelArc xlink:type="arc" xlink:from="ifrs-full_IncreaseDecreaseInCashAndCashEquivalentsBeforeEffectOfExchangeRateChanges" xlink:to="label_zumtobel_ifrs-fullIncreaseDecreaseInCashAndCashEquivalentsBeforeEffectOfExchangeRateChanges_Standard" order="1" xlink:arcrole="http://www.xbrl.org/2003/arcrole/concept-label" priority="100" />
    <labelArc xlink:type="arc" xlink:from="ifrs-full_CashAndCashEquivalents" xlink:to="label_zumtobel_ifrs-fullCashAndCashEquivalents_PeriodStart" order="1" xlink:arcrole="http://www.xbrl.org/2003/arcrole/concept-label" priority="100" />
    <labelArc xlink:type="arc" xlink:from="ifrs-full_CashAndCashEquivalents" xlink:to="label_zumtobel_ifrs-fullCashAndCashEquivalents_PeriodEnd" order="1" xlink:arcrole="http://www.xbrl.org/2003/arcrole/concept-label" priority="100" />
    <labelArc xlink:type="arc" xlink:from="ifrs-full_EffectOfExchangeRateChangesOnCashAndCashEquivalents" xlink:to="label_zumtobel_ifrs-fullEffectOfExchangeRateChangesOnCashAndCashEquivalents_Standard" order="1" xlink:arcrole="http://www.xbrl.org/2003/arcrole/concept-label" priority="100" />
    <labelArc xlink:type="arc" xlink:from="ifrs-full_IncreaseDecreaseInCashAndCashEquivalents" xlink:to="label_zumtobel_ifrs-fullIncreaseDecreaseInCashAndCashEquivalents_Standard" order="1" xlink:arcrole="http://www.xbrl.org/2003/arcrole/concept-label" priority="100" />
    <labelArc xlink:type="arc" xlink:from="ifrs-full_IssuedCapitalMember" xlink:to="label_IssuedCapitalMember" order="1" xlink:arcrole="http://www.xbrl.org/2003/arcrole/concept-label" priority="100" />
    <labelArc xlink:type="arc" xlink:from="ifrs-full_CapitalReserveMember" xlink:to="label_CapitalReserveMember" order="1" xlink:arcrole="http://www.xbrl.org/2003/arcrole/concept-label" priority="100" />
    <labelArc xlink:type="arc" xlink:from="ifrs-full_RetainedEarningsMember" xlink:to="label_RetainedEarningsMember" order="1" xlink:arcrole="http://www.xbrl.org/2003/arcrole/concept-label" priority="100" />
    <labelArc xlink:type="arc" xlink:from="ifrs-full_ReserveOfExchangeDifferencesOnTranslationMember" xlink:to="label_ReserveOfExchangeDifferencesOnTranslationMember" order="1" xlink:arcrole="http://www.xbrl.org/2003/arcrole/concept-label" priority="100" />
    <labelArc xlink:type="arc" xlink:from="ifrs-full_ReserveOfRemeasurementsOfDefinedBenefitPlansMember" xlink:to="label_ReserveOfRemeasurementsOfDefinedBenefitPlansMember" order="1" xlink:arcrole="http://www.xbrl.org/2003/arcrole/concept-label" priority="100" />
    <labelArc xlink:type="arc" xlink:from="ifrs-full_Equity" xlink:to="label_zumtobel_ifrs-fullEquity_PeriodStart" order="1" xlink:arcrole="http://www.xbrl.org/2003/arcrole/concept-label" priority="100" />
    <labelArc xlink:type="arc" xlink:from="ifrs-full_ProfitLoss" xlink:to="label_zumtobel_ifrs-fullProfitLoss_Verbose" order="1" xlink:arcrole="http://www.xbrl.org/2003/arcrole/concept-label" priority="100" />
    <labelArc xlink:type="arc" xlink:from="ifrs-full_OtherComprehensiveIncome" xlink:to="label_zumtobel_ifrs-fullOtherComprehensiveIncome_Verbose" order="1" xlink:arcrole="http://www.xbrl.org/2003/arcrole/concept-label" priority="100" />
    <labelArc xlink:type="arc" xlink:from="ifrs-full_ComprehensiveIncome" xlink:to="label_zumtobel_ifrs-fullComprehensiveIncome_Total" order="1" xlink:arcrole="http://www.xbrl.org/2003/arcrole/concept-label" priority="100" />
    <labelArc xlink:type="arc" xlink:from="ifrs-full_DividendsPaid" xlink:to="label_zumtobel_ifrs-fullDividendsPaid_Standard" order="1" xlink:arcrole="http://www.xbrl.org/2003/arcrole/concept-label" priority="100" />
    <labelArc xlink:type="arc" xlink:from="ifrs-full_Equity" xlink:to="label_zumtobel_ifrs-fullEquity_PeriodEnd" order="1" xlink:arcrole="http://www.xbrl.org/2003/arcrole/concept-label" priority="100" />
    <labelArc xlink:type="arc" xlink:from="ifrs-full_ComprehensiveIncome" xlink:to="label_zumtobel_ifrs-fullComprehensiveIncome_Verbose" order="1" xlink:arcrole="http://www.xbrl.org/2003/arcrole/concept-label" priority="100" />
    <labelArc xlink:type="arc" xlink:from="ifrs-full_DividendsPaid" xlink:to="label_zumtobel_ifrs-fullDividendsPaid_Verbose" order="1" xlink:arcrole="http://www.xbrl.org/2003/arcrole/concept-label" priority="100" />
    <label xlink:label="label_zumtobel_ifrs-fullRevenue_Verbose" id="zumtobel_ifrs-fullRevenue_Verbose" xlink:role="http://www.xbrl.org/2003/role/verboseLabel" xlink:type="resource" xml:lang="de">Umsatzerlöse</label>
    <label xlink:label="label_zumtobel_ifrs-fullCostOfSales_Verbose" id="zumtobel_ifrs-fullCostOfSales_Verbose" xlink:role="http://www.xbrl.org/2003/role/verboseLabel" xlink:type="resource" xml:lang="de">Kosten der umgesetzten Leistungen</label>
    <label xlink:label="label_zumtobel_ifrs-fullGrossProfit_Verbose" id="zumtobel_ifrs-fullGrossProfit_Verbose" xlink:role="http://www.xbrl.org/2003/role/verboseLabel" xlink:type="resource" xml:lang="de">Bruttoergebnis vom Umsatz</label>
    <label xlink:label="label_zumtobel_ifrs-fullDistributionCosts_Standard" id="zumtobel_ifrs-fullDistributionCosts_Standard" xlink:role="http://www.xbrl.org/2003/role/label" xlink:type="resource" xml:lang="de">Verwaltungskosten</label>
    <label xlink:label="label_zumtobel_ifrs-fullAdministrativeExpense_Standard" id="zumtobel_ifrs-fullAdministrativeExpense_Standard" xlink:role="http://www.xbrl.org/2003/role/label" xlink:type="resource" xml:lang="de">Verwaltungskosten</label>
    <label xlink:label="label_zumtobel_ifrs-fullOtherIncome_Verbose" id="zumtobel_ifrs-fullOtherIncome_Verbose" xlink:role="http://www.xbrl.org/2003/role/verboseLabel" xlink:type="resource" xml:lang="de">Sonstige betriebliche Erträge</label>
    <label xlink:label="label_zumtobel_ifrs-fullOtherExpenseByFunction_Verbose" id="zumtobel_ifrs-fullOtherExpenseByFunction_Verbose" xlink:role="http://www.xbrl.org/2003/role/verboseLabel" xlink:type="resource" xml:lang="de">Sonstige betriebliche Aufwände</label>
    <label xlink:label="label_zumtobel_ifrs-fullProfitLossFromOperatingActivities_Verbose" id="zumtobel_ifrs-fullProfitLossFromOperatingActivities_Verbose" xlink:role="http://www.xbrl.org/2003/role/verboseLabel" xlink:type="resource" xml:lang="de">Betriebsergebnis</label>
    <label xlink:label="label_zumtobel_ifrs-fullInterestExpense_Standard" id="zumtobel_ifrs-fullInterestExpense_Standard" xlink:role="http://www.xbrl.org/2003/role/label" xlink:type="resource" xml:lang="de">Zinsaufwand</label>
    <label xlink:label="label_zumtobel_ifrs-fullRevenueFromInterest_Standard" id="zumtobel_ifrs-fullRevenueFromInterest_Standard" xlink:role="http://www.xbrl.org/2003/role/label" xlink:type="resource" xml:lang="de">Zinsertrag</label>
    <label xlink:label="label_zumtobel_ifrs-fullOtherFinanceIncomeCost_Standard" id="zumtobel_ifrs-fullOtherFinanceIncomeCost_Standard" xlink:role="http://www.xbrl.org/2003/role/label" xlink:type="resource" xml:lang="de">Übrige finanzielle Aufwendungen und Erträge</label>
    <label xlink:label="label_zumtobel_ifrs-fullShareOfProfitLossOfAssociatesAndJointVenturesAccountedForUsingEquityMethod_Verbose" id="zumtobel_ifrs-fullShareOfProfitLossOfAssociatesAndJointVenturesAccountedForUsingEquityMethod_Verbose" xlink:role="http://www.xbrl.org/2003/role/verboseLabel" xlink:type="resource" xml:lang="de">Ergebnis aus nach der Equity-Methode bilanzierten Finanzanlagen</label>
    <label xlink:label="label_zumtobel_ifrs-fullFinanceIncomeCost_Standard" id="zumtobel_ifrs-fullFinanceIncomeCost_Standard" xlink:role="http://www.xbrl.org/2003/role/label" xlink:type="resource" xml:lang="de">Finanzergebnis</label>
    <label xlink:label="label_zumtobel_ifrs-fullProfitLossBeforeTax_Verbose" id="zumtobel_ifrs-fullProfitLossBeforeTax_Verbose" xlink:role="http://www.xbrl.org/2003/role/verboseLabel" xlink:type="resource" xml:lang="de">Ergebnis vor Ertragsteuern</label>
    <label xlink:label="label_zumtobel_ifrs-fullIncomeTaxExpenseContinuingOperations_Verbose" id="zumtobel_ifrs-fullIncomeTaxExpenseContinuingOperations_Verbose" xlink:role="http://www.xbrl.org/2003/role/verboseLabel" xlink:type="resource" xml:lang="de">Ertragsteuern</label>
    <label xlink:label="label_zumtobel_ifrs-fullProfitLoss_Standard" id="zumtobel_ifrs-fullProfitLoss_Standard" xlink:role="http://www.xbrl.org/2003/role/label" xlink:type="resource" xml:lang="de">Jahresergebnis</label>
    <label xlink:label="label_zumtobel_ifrs-fullProfitLossAttributableToNoncontrollingInterests_Verbose" id="zumtobel_ifrs-fullProfitLossAttributableToNoncontrollingInterests_Verbose" xlink:role="http://www.xbrl.org/2003/role/verboseLabel" xlink:type="resource" xml:lang="de">davon den nicht beherrschenden Anteilen zuordenbar</label>
    <label xlink:label="label_zumtobel_ifrs-fullProfitLossAttributableToOwnersOfParent_Verbose" id="zumtobel_ifrs-fullProfitLossAttributableToOwnersOfParent_Verbose" xlink:role="http://www.xbrl.org/2003/role/verboseLabel" xlink:type="resource" xml:lang="de">davon den Anteilseignern des Mutterunternehmens zuordenbar</label>
    <label xlink:label="label_zumtobel_ifrs-fullOtherComprehensiveIncomeBeforeTaxGainsLossesOnRemeasurementsOfDefinedBenefitPlans_Standard" id="zumtobel_ifrs-fullOtherComprehensiveIncomeBeforeTaxGainsLossesOnRemeasurementsOfDefinedBenefitPlans_Standard" xlink:role="http://www.xbrl.org/2003/role/label" xlink:type="resource" xml:lang="de">Versicherungsmathematischer Gewinn</label>
    <label xlink:label="label_zumtobel_ifrs-fullIncomeTaxRelatingToRemeasurementsOfDefinedBenefitPlansOfOtherComprehensiveIncome_Standard" id="zumtobel_ifrs-fullIncomeTaxRelatingToRemeasurementsOfDefinedBenefitPlansOfOtherComprehensiveIncome_Standard" xlink:role="http://www.xbrl.org/2003/role/label" xlink:type="resource" xml:lang="de">Latente Steuern auf versicherungsmathematische Gewinne</label>
    <label xlink:label="label_zumtobel_ifrs-fullOtherComprehensiveIncomeThatWillNotBeReclassifiedToProfitOrLossNetOfTax_Total" id="zumtobel_ifrs-fullOtherComprehensiveIncomeThatWillNotBeReclassifiedToProfitOrLossNetOfTax_Total" xlink:role="http://www.xbrl.org/2003/role/totalLabel" xlink:type="resource" xml:lang="de">Summe der Posten, die nicht nachträglich in die Gewinn- und Verlustrechnung umgegliedert werden</label>
    <label xlink:label="label_zumtobel_zumtobelExchangeDifferencesOnTranslation_Standard" id="zumtobel_zumtobelExchangeDifferencesOnTranslation_Standard" xlink:role="http://www.xbrl.org/2003/role/label" xlink:type="resource" xml:lang="de">Währungsdifferenzen</label>
    <label xlink:label="label_zumtobel_zumtobelExchangeDifferencesOnTranslationAssociatedCompanies_Standard" id="zumtobel_zumtobelExchangeDifferencesOnTranslationAssociatedCompanies_Standard" xlink:role="http://www.xbrl.org/2003/role/label" xlink:type="resource" xml:lang="de">Währungsdifferenzen assoziierte Unternehmen</label>
    <label xlink:label="label_zumtobel_zumtobelExchangeDifferencesOnTranslationLoans_Standard" id="zumtobel_zumtobelExchangeDifferencesOnTranslationLoans_Standard" xlink:role="http://www.xbrl.org/2003/role/label" xlink:type="resource" xml:lang="de">Währungsdifferenzen aus Darlehen</label>
    <label xlink:label="label_zumtobel_ifrs-fullIncomeTaxRelatingToExchangeDifferencesOnTranslationOfOtherComprehensiveIncome_Standard" id="zumtobel_ifrs-fullIncomeTaxRelatingToExchangeDifferencesOnTranslationOfOtherComprehensiveIncome_Standard" xlink:role="http://www.xbrl.org/2003/role/label" xlink:type="resource" xml:lang="de">Latente Steuern auf Darlehen</label>
    <label xlink:label="label_zumtobel_ifrs-fullOtherComprehensiveIncomeThatWillBeReclassifiedToProfitOrLossNetOfTax_Total" id="zumtobel_ifrs-fullOtherComprehensiveIncomeThatWillBeReclassifiedToProfitOrLossNetOfTax_Total" xlink:role="http://www.xbrl.org/2003/role/totalLabel" xlink:type="resource" xml:lang="de">Summe der Posten, die nachträglich in die Gewinn- und Verlustrechnung umgegliedert werden</label>
    <label xlink:label="label_zumtobel_ifrs-fullOtherComprehensiveIncome_Standard" id="zumtobel_ifrs-fullOtherComprehensiveIncome_Standard" xlink:role="http://www.xbrl.org/2003/role/label" xlink:type="resource" xml:lang="de">Sonstiges Ergebnis</label>
    <label xlink:label="label_zumtobel_ifrs-fullOtherComprehensiveIncomeAttributableToNoncontrollingInterests_Standard" id="zumtobel_ifrs-fullOtherComprehensiveIncomeAttributableToNoncontrollingInterests_Standard" xlink:role="http://www.xbrl.org/2003/role/label" xlink:type="resource" xml:lang="de">davon den nicht beherrschenden Anteilen zuordenbar</label>
    <label xlink:label="label_zumtobel_ifrs-fullOtherComprehensiveIncomeAttributableToOwnersOfParent_Standard" id="zumtobel_ifrs-fullOtherComprehensiveIncomeAttributableToOwnersOfParent_Standard" xlink:role="http://www.xbrl.org/2003/role/label" xlink:type="resource" xml:lang="de">davon den Anteilseignern des Mutterunternehmens zuordenbar</label>
    <label xlink:label="label_zumtobel_ifrs-fullComprehensiveIncome_Standard" id="zumtobel_ifrs-fullComprehensiveIncome_Standard" xlink:role="http://www.xbrl.org/2003/role/label" xlink:type="resource" xml:lang="de">Gesamtergebnis</label>
    <label xlink:label="label_zumtobel_ifrs-fullComprehensiveIncomeAttributableToNoncontrollingInterests_Standard" id="zumtobel_ifrs-fullComprehensiveIncomeAttributableToNoncontrollingInterests_Standard" xlink:role="http://www.xbrl.org/2003/role/label" xlink:type="resource" xml:lang="de">davon den nicht beherrschenden Anteilen zuordenbar</label>
    <label xlink:label="label_zumtobel_ifrs-fullComprehensiveIncomeAttributableToOwnersOfParent_Standard" id="zumtobel_ifrs-fullComprehensiveIncomeAttributableToOwnersOfParent_Standard" xlink:role="http://www.xbrl.org/2003/role/label" xlink:type="resource" xml:lang="de">davon den Anteilseignern des Mutterunternehmens zuordenbar</label>
    <label xlink:label="label_zumtobel_ifrs-fullGoodwill_Verbose" id="zumtobel_ifrs-fullGoodwill_Verbose" xlink:role="http://www.xbrl.org/2003/role/verboseLabel" xlink:type="resource" xml:lang="de">Firmenwerte</label>
    <label xlink:label="label_zumtobel_ifrs-fullIntangibleAssetsOtherThanGoodwill_Verbose" id="zumtobel_ifrs-fullIntangibleAssetsOtherThanGoodwill_Verbose" xlink:role="http://www.xbrl.org/2003/role/verboseLabel" xlink:type="resource" xml:lang="de">Übrige immaterielle Vermögenswerte</label>
    <label xlink:label="label_zumtobel_ifrs-fullPropertyPlantAndEquipment_Verbose" id="zumtobel_ifrs-fullPropertyPlantAndEquipment_Verbose" xlink:role="http://www.xbrl.org/2003/role/verboseLabel" xlink:type="resource" xml:lang="de">Sachanlagen</label>
    <label xlink:label="label_zumtobel_ifrs-fullInvestmentAccountedForUsingEquityMethod_Verbose" id="zumtobel_ifrs-fullInvestmentAccountedForUsingEquityMethod_Verbose" xlink:role="http://www.xbrl.org/2003/role/verboseLabel" xlink:type="resource" xml:lang="de">Anteile an assoziierten Unternehmen</label>
    <label xlink:label="label_zumtobel_ifrs-fullOtherNoncurrentFinancialAssets_Verbose" id="zumtobel_ifrs-fullOtherNoncurrentFinancialAssets_Verbose" xlink:role="http://www.xbrl.org/2003/role/verboseLabel" xlink:type="resource" xml:lang="de">Finanzielle Vermögenswerte</label>
    <label xlink:label="label_zumtobel_ifrs-fullOtherNoncurrentNonfinancialAssets_Verbose" id="zumtobel_ifrs-fullOtherNoncurrentNonfinancialAssets_Verbose" xlink:role="http://www.xbrl.org/2003/role/verboseLabel" xlink:type="resource" xml:lang="de">Übrige Vermögenswerte</label>
    <label xlink:label="label_zumtobel_ifrs-fullDeferredTaxAssets_Verbose" id="zumtobel_ifrs-fullDeferredTaxAssets_Verbose" xlink:role="http://www.xbrl.org/2003/role/verboseLabel" xlink:type="resource" xml:lang="de">Latente Steuern</label>
    <label xlink:label="label_zumtobel_ifrs-fullNoncurrentAssets_Verbose" id="zumtobel_ifrs-fullNoncurrentAssets_Verbose" xlink:role="http://www.xbrl.org/2003/role/verboseLabel" xlink:type="resource" xml:lang="de">Langfristiges Vermögen</label>
    <label xlink:label="label_zumtobel_ifrs-fullInventories_Verbose" id="zumtobel_ifrs-fullInventories_Verbose" xlink:role="http://www.xbrl.org/2003/role/verboseLabel" xlink:type="resource" xml:lang="de">Vorräte</label>
    <label xlink:label="label_zumtobel_ifrs-fullCurrentTradeReceivables_Verbose" id="zumtobel_ifrs-fullCurrentTradeReceivables_Verbose" xlink:role="http://www.xbrl.org/2003/role/verboseLabel" xlink:type="resource" xml:lang="de">Forderungen aus Lieferungen &amp; Leistungen</label>
    <label xlink:label="label_zumtobel_ifrs-fullOtherCurrentFinancialAssets_Verbose" id="zumtobel_ifrs-fullOtherCurrentFinancialAssets_Verbose" xlink:role="http://www.xbrl.org/2003/role/verboseLabel" xlink:type="resource" xml:lang="de">Finanzielle Vermögenswerte</label>
    <label xlink:label="label_zumtobel_ifrs-fullOtherCurrentReceivables_Verbose" id="zumtobel_ifrs-fullOtherCurrentReceivables_Verbose" xlink:role="http://www.xbrl.org/2003/role/verboseLabel" xlink:type="resource" xml:lang="de">Übrige Vermögenswerte</label>
    <label xlink:label="label_zumtobel_ifrs-fullOtherCurrentNonfinancialAssets_Standard" id="zumtobel_ifrs-fullOtherCurrentNonfinancialAssets_Standard" xlink:role="http://www.xbrl.org/2003/role/label" xlink:type="resource" xml:lang="de">Liquide Mittel</label>
    <label xlink:label="label_zumtobel_ifrs-fullCurrentAssets_Verbose" id="zumtobel_ifrs-fullCurrentAssets_Verbose" xlink:role="http://www.xbrl.org/2003/role/verboseLabel" xlink:type="resource" xml:lang="de">Kurzfristiges Vermögen</label>
    <label xlink:label="label_zumtobel_ifrs-fullAssets_Verbose" id="zumtobel_ifrs-fullAssets_Verbose" xlink:role="http://www.xbrl.org/2003/role/verboseLabel" xlink:type="resource" xml:lang="de">VERMÖGEN</label>
    <label xlink:label="label_zumtobel_ifrs-fullIssuedCapital_Standard" id="zumtobel_ifrs-fullIssuedCapital_Standard" xlink:role="http://www.xbrl.org/2003/role/label" xlink:type="resource" xml:lang="de">Grundkapital</label>
    <label xlink:label="label_zumtobel_ifrs-fullCapitalReserve_Standard" id="zumtobel_ifrs-fullCapitalReserve_Standard" xlink:role="http://www.xbrl.org/2003/role/label" xlink:type="resource" xml:lang="de">Kapitalrücklagen</label>
    <label xlink:label="label_zumtobel_zumtobelRetainedEarningsAndOtherReserves_Standard" id="zumtobel_zumtobelRetainedEarningsAndOtherReserves_Standard" xlink:role="http://www.xbrl.org/2003/role/label" xlink:type="resource" xml:lang="de">Gewinnrücklagen</label>
    <label xlink:label="label_zumtobel_ifrs-fullEquityAttributableToOwnersOfParent_Verbose" id="zumtobel_ifrs-fullEquityAttributableToOwnersOfParent_Verbose" xlink:role="http://www.xbrl.org/2003/role/verboseLabel" xlink:type="resource" xml:lang="de">Kapital der Anteilseigner der Muttergesellschaft</label>
    <label xlink:label="label_zumtobel_ifrs-fullNoncontrollingInterests_Verbose" id="zumtobel_ifrs-fullNoncontrollingInterests_Verbose" xlink:role="http://www.xbrl.org/2003/role/verboseLabel" xlink:type="resource" xml:lang="de">Kapital der nicht beherrschenden Anteile</label>
    <label xlink:label="label_zumtobel_ifrs-fullEquity_Verbose" id="zumtobel_ifrs-fullEquity_Verbose" xlink:role="http://www.xbrl.org/2003/role/verboseLabel" xlink:type="resource" xml:lang="de">Eigenkapital Stand</label>
    <label xlink:label="label_zumtobel_zumtobelNoncurrentProvisionsForEmployeeBenefitsPensions_Standard" id="zumtobel_zumtobelNoncurrentProvisionsForEmployeeBenefitsPensions_Standard" xlink:role="http://www.xbrl.org/2003/role/label" xlink:type="resource" xml:lang="de">Pensions</label>
    <label xlink:label="label_zumtobel_zumtobelNoncurrentProvisionsForEmployeeBenefitsSeverance_Standard" id="zumtobel_zumtobelNoncurrentProvisionsForEmployeeBenefitsSeverance_Standard" xlink:role="http://www.xbrl.org/2003/role/label" xlink:type="resource" xml:lang="de">Rückstellungen für Abfertigungen</label>
    <label xlink:label="label_zumtobel_zumtobelNoncurrentProvisionsForEmployeeBenefitsOther_Standard" id="zumtobel_zumtobelNoncurrentProvisionsForEmployeeBenefitsOther_Standard" xlink:role="http://www.xbrl.org/2003/role/label" xlink:type="resource" xml:lang="de">Sonstige Personalrückstellungen</label>
    <label xlink:label="label_zumtobel_ifrs-fullOtherLongtermProvisions_Verbose" id="zumtobel_ifrs-fullOtherLongtermProvisions_Verbose" xlink:role="http://www.xbrl.org/2003/role/verboseLabel" xlink:type="resource" xml:lang="de">Übrige Rückstellungen</label>
    <label xlink:label="label_zumtobel_ifrs-fullLongtermBorrowings_Standard" id="zumtobel_ifrs-fullLongtermBorrowings_Standard" xlink:role="http://www.xbrl.org/2003/role/label" xlink:type="resource" xml:lang="de">Finanzschulden</label>
    <label xlink:label="label_zumtobel_ifrs-fullOtherNoncurrentPayables_Verbose" id="zumtobel_ifrs-fullOtherNoncurrentPayables_Verbose" xlink:role="http://www.xbrl.org/2003/role/verboseLabel" xlink:type="resource" xml:lang="de">Übrige Verbindlichkeiten</label>
    <label xlink:label="label_zumtobel_ifrs-fullDeferredTaxLiabilities_Verbose" id="zumtobel_ifrs-fullDeferredTaxLiabilities_Verbose" xlink:role="http://www.xbrl.org/2003/role/verboseLabel" xlink:type="resource" xml:lang="de">Latente Steuern</label>
    <label xlink:label="label_zumtobel_ifrs-fullNoncurrentLiabilities_Verbose" id="zumtobel_ifrs-fullNoncurrentLiabilities_Verbose" xlink:role="http://www.xbrl.org/2003/role/verboseLabel" xlink:type="resource" xml:lang="de">Langfristige Schulden</label>
    <label xlink:label="label_zumtobel_ifrs-fullCurrentTaxLiabilitiesCurrent_Verbose" id="zumtobel_ifrs-fullCurrentTaxLiabilitiesCurrent_Verbose" xlink:role="http://www.xbrl.org/2003/role/verboseLabel" xlink:type="resource" xml:lang="de">Rückstellungen für Ertragsteuern</label>
    <label xlink:label="label_zumtobel_ifrs-fullOtherShorttermProvisions_Verbose" id="zumtobel_ifrs-fullOtherShorttermProvisions_Verbose" xlink:role="http://www.xbrl.org/2003/role/verboseLabel" xlink:type="resource" xml:lang="de">Übrige Rückstellungen</label>
    <label xlink:label="label_zumtobel_ifrs-fullCurrentPortionOfLongtermBorrowings_Verbose" id="zumtobel_ifrs-fullCurrentPortionOfLongtermBorrowings_Verbose" xlink:role="http://www.xbrl.org/2003/role/verboseLabel" xlink:type="resource" xml:lang="de">Finanzschulden</label>
    <label xlink:label="label_zumtobel_ifrs-fullTradeAndOtherCurrentPayablesToTradeSuppliers_Verbose" id="zumtobel_ifrs-fullTradeAndOtherCurrentPayablesToTradeSuppliers_Verbose" xlink:role="http://www.xbrl.org/2003/role/verboseLabel" xlink:type="resource" xml:lang="de">Verbindlichkeiten aus Lieferungen &amp; Leistungen</label>
    <label xlink:label="label_zumtobel_ifrs-fullOtherCurrentPayables_Standard" id="zumtobel_ifrs-fullOtherCurrentPayables_Standard" xlink:role="http://www.xbrl.org/2003/role/label" xlink:type="resource" xml:lang="de">Übrige Verbindlichkeiten</label>
    <label xlink:label="label_zumtobel_ifrs-fullCurrentLiabilities_Verbose" id="zumtobel_ifrs-fullCurrentLiabilities_Verbose" xlink:role="http://www.xbrl.org/2003/role/verboseLabel" xlink:type="resource" xml:lang="de">Kurzfristige Schulden</label>
    <label xlink:label="label_zumtobel_ifrs-fullEquityAndLiabilities_Verbose" id="zumtobel_ifrs-fullEquityAndLiabilities_Verbose" xlink:role="http://www.xbrl.org/2003/role/verboseLabel" xlink:type="resource" xml:lang="de">EIGENKAPITAL UND SCHULDEN</label>
    <label xlink:label="label_zumtobel_ifrs-fullProfitLossBeforeTax_Standard" id="zumtobel_ifrs-fullProfitLossBeforeTax_Standard" xlink:role="http://www.xbrl.org/2003/role/label" xlink:type="resource" xml:lang="de">Ergebnis vor Ertragsteuern</label>
    <label xlink:label="label_zumtobel_ifrs-fullAdjustmentsForDepreciationAndAmortisationExpense_Standard" id="zumtobel_ifrs-fullAdjustmentsForDepreciationAndAmortisationExpense_Standard" xlink:role="http://www.xbrl.org/2003/role/label" xlink:type="resource" xml:lang="de">Abschreibungen auf Sachanlagen und immaterielle Vermögenswerte</label>
    <label xlink:label="label_zumtobel_ifrs-fullAdjustmentsForImpairmentLossReversalOfImpairmentLossRecognisedInProfitOrLoss_Standard" id="zumtobel_ifrs-fullAdjustmentsForImpairmentLossReversalOfImpairmentLossRecognisedInProfitOrLoss_Standard" xlink:role="http://www.xbrl.org/2003/role/label" xlink:type="resource" xml:lang="de">Wertminderungen auf Sachanlagen und immaterielle Vermögenswerte</label>
    <label xlink:label="label_zumtobel_ifrs-fullAdjustmentsForGainLossOnDisposalsPropertyPlantAndEquipment_Standard" id="zumtobel_ifrs-fullAdjustmentsForGainLossOnDisposalsPropertyPlantAndEquipment_Standard" xlink:role="http://www.xbrl.org/2003/role/label" xlink:type="resource" xml:lang="de">Gewinn/Verlust aus dem Abgang von Sachanlagen und immateriellen Vermögenswerten</label>
    <label xlink:label="label_zumtobel_ifrs-fullAdjustmentsForFinanceIncomeCost_Standard" id="zumtobel_ifrs-fullAdjustmentsForFinanceIncomeCost_Standard" xlink:role="http://www.xbrl.org/2003/role/label" xlink:type="resource" xml:lang="de">Übriges nicht zahlungswirksames Finanzergebnis</label>
    <label xlink:label="label_zumtobel_zumtobelAdustmentsForInterestExpenseIncome_Standard" id="zumtobel_zumtobelAdustmentsForInterestExpenseIncome_Standard" xlink:role="http://www.xbrl.org/2003/role/label" xlink:type="resource" xml:lang="de">Zinsertrag / Zinsaufwand</label>
    <label xlink:label="label_zumtobel_ifrs-fullAdjustmentsForUndistributedProfitsOfAssociates_Standard" id="zumtobel_ifrs-fullAdjustmentsForUndistributedProfitsOfAssociates_Standard" xlink:role="http://www.xbrl.org/2003/role/label" xlink:type="resource" xml:lang="de">Gewinn- oder Verlustanteile an Unternehmen, die nach der Equity-Methode bilanziert werden</label>
    <label xlink:label="label_zumtobel_ifrs-fullOtherAdjustmentsForWhichCashEffectsAreInvestingOrFinancingCashFlow_Standard" id="zumtobel_ifrs-fullOtherAdjustmentsForWhichCashEffectsAreInvestingOrFinancingCashFlow_Standard" xlink:role="http://www.xbrl.org/2003/role/label" xlink:type="resource" xml:lang="de">Konsolidierungskreisänderungen</label>
    <label xlink:label="label_zumtobel_ifrs-fullCashFlowsFromUsedInOperationsBeforeChangesInWorkingCapital_Standard" id="zumtobel_ifrs-fullCashFlowsFromUsedInOperationsBeforeChangesInWorkingCapital_Standard" xlink:role="http://www.xbrl.org/2003/role/label" xlink:type="resource" xml:lang="de">Cashflow aus dem operativen Ergebnis</label>
    <label xlink:label="label_zumtobel_ifrs-fullAdjustmentsForDecreaseIncreaseInInventories_Standard" id="zumtobel_ifrs-fullAdjustmentsForDecreaseIncreaseInInventories_Standard" xlink:role="http://www.xbrl.org/2003/role/label" xlink:type="resource" xml:lang="de">Vorräte</label>
    <label xlink:label="label_zumtobel_ifrs-fullAdjustmentsForDecreaseIncreaseInTradeAccountReceivable_Standard" id="zumtobel_ifrs-fullAdjustmentsForDecreaseIncreaseInTradeAccountReceivable_Standard" xlink:role="http://www.xbrl.org/2003/role/label" xlink:type="resource" xml:lang="de">Forderungen aus Lieferungen &amp; Leistungen</label>
    <label xlink:label="label_zumtobel_ifrs-fullAdjustmentsForIncreaseDecreaseInTradeAccountPayable_Standard" id="zumtobel_ifrs-fullAdjustmentsForIncreaseDecreaseInTradeAccountPayable_Standard" xlink:role="http://www.xbrl.org/2003/role/label" xlink:type="resource" xml:lang="de">Verbindlichkeiten aus Lieferungen &amp; Leistungen</label>
    <label xlink:label="label_zumtobel_ifrs-fullAdjustmentsForIncreaseDecreaseInDepositsFromCustomers_Standard" id="zumtobel_ifrs-fullAdjustmentsForIncreaseDecreaseInDepositsFromCustomers_Standard" xlink:role="http://www.xbrl.org/2003/role/label" xlink:type="resource" xml:lang="de">Erhaltene Anzahlungen</label>
    <label xlink:label="label_zumtobel_ifrs-fullIncreaseDecreaseInWorkingCapital_Standard" id="zumtobel_ifrs-fullIncreaseDecreaseInWorkingCapital_Standard" xlink:role="http://www.xbrl.org/2003/role/label" xlink:type="resource" xml:lang="de">Veränderung des Working Capital</label>
    <label xlink:label="label_zumtobel_zumtobelAdjustmentsForProvisionsNonCurrent_Standard" id="zumtobel_zumtobelAdjustmentsForProvisionsNonCurrent_Standard" xlink:role="http://www.xbrl.org/2003/role/label" xlink:type="resource" xml:lang="de">Veränderung der langfristigen Rückstellungen</label>
    <label xlink:label="label_zumtobel_zumtobelAdjustmentsForProvisionsCurrent_Standard" id="zumtobel_zumtobelAdjustmentsForProvisionsCurrent_Standard" xlink:role="http://www.xbrl.org/2003/role/label" xlink:type="resource" xml:lang="de">Veränderung der kurzfristigen Rückstellungen</label>
    <label xlink:label="label_zumtobel_ifrs-fullAdjustmentsForDecreaseIncreaseInOtherAssets_Standard" id="zumtobel_ifrs-fullAdjustmentsForDecreaseIncreaseInOtherAssets_Standard" xlink:role="http://www.xbrl.org/2003/role/label" xlink:type="resource" xml:lang="de">Übrige Vermögenswerte</label>
    <label xlink:label="label_zumtobel_ifrs-fullAdjustmentsForIncreaseDecreaseInOtherLiabilities_Standard" id="zumtobel_ifrs-fullAdjustmentsForIncreaseDecreaseInOtherLiabilities_Standard" xlink:role="http://www.xbrl.org/2003/role/label" xlink:type="resource" xml:lang="de">Übrige Verbindlichkeiten</label>
    <label xlink:label="label_zumtobel_zumtobelAdjustmentsForIncreaseDecreaseInOtherOperatingActivities_Standard" id="zumtobel_zumtobelAdjustmentsForIncreaseDecreaseInOtherOperatingActivities_Standard" xlink:role="http://www.xbrl.org/2003/role/label" xlink:type="resource" xml:lang="de">Veränderungen der sonstigen operativen Positionen</label>
    <label xlink:label="label_zumtobel_ifrs-fullIncomeTaxesPaidRefundClassifiedAsOperatingActivities_Standard" id="zumtobel_ifrs-fullIncomeTaxesPaidRefundClassifiedAsOperatingActivities_Standard" xlink:role="http://www.xbrl.org/2003/role/label" xlink:type="resource" xml:lang="de">Gezahlte Ertragsteuern</label>
    <label xlink:label="label_zumtobel_ifrs-fullCashFlowsFromUsedInOperatingActivities_Standard" id="zumtobel_ifrs-fullCashFlowsFromUsedInOperatingActivities_Standard" xlink:role="http://www.xbrl.org/2003/role/label" xlink:type="resource" xml:lang="de">Cashflow aus dem operativen Geschäft</label>
    <label xlink:label="label_zumtobel_ifrs-fullProceedsFromSalesOfPropertyPlantAndEquipmentClassifiedAsInvestingActivities_Standard" id="zumtobel_ifrs-fullProceedsFromSalesOfPropertyPlantAndEquipmentClassifiedAsInvestingActivities_Standard" xlink:role="http://www.xbrl.org/2003/role/label" xlink:type="resource" xml:lang="de">Einzahlungen aus dem Abgang von Sachanlagen und übrigen immateriellen Vermögenswerten</label>
    <label xlink:label="label_zumtobel_ifrs-fullPurchaseOfPropertyPlantAndEquipmentClassifiedAsInvestingActivities_Standard" id="zumtobel_ifrs-fullPurchaseOfPropertyPlantAndEquipmentClassifiedAsInvestingActivities_Standard" xlink:role="http://www.xbrl.org/2003/role/label" xlink:type="resource" xml:lang="de">Auszahlungen für den Erwerb von Sachanlagen und übrigen immateriellen Vermögenswerten</label>
    <label xlink:label="label_zumtobel_zumtobelOtherCashReceiptsPaymentsFromSalesOfEquityOrDebtInstrumentsOfOtherEntities_Standard" id="zumtobel_zumtobelOtherCashReceiptsPaymentsFromSalesOfEquityOrDebtInstrumentsOfOtherEntities_Standard" xlink:role="http://www.xbrl.org/2003/role/label" xlink:type="resource" xml:lang="de">Veränderung von lang- und kurzfristigen finanziellen Vermögenswerten</label>
    <label xlink:label="label_zumtobel_ifrs-fullInterestReceivedClassifiedAsInvestingActivities_Standard" id="zumtobel_ifrs-fullInterestReceivedClassifiedAsInvestingActivities_Standard" xlink:role="http://www.xbrl.org/2003/role/label" xlink:type="resource" xml:lang="de">Erhaltene Zinsen</label>
    <label xlink:label="label_zumtobel_ifrs-fullCashFlowsFromUsedInInvestingActivities_Standard" id="zumtobel_ifrs-fullCashFlowsFromUsedInInvestingActivities_Standard" xlink:role="http://www.xbrl.org/2003/role/label" xlink:type="resource" xml:lang="de">Cashflow aus der Investitionstätigkeit</label>
    <label xlink:label="label_zumtobel_zumtobelFreeCashflow_Standard" id="zumtobel_zumtobelFreeCashflow_Standard" xlink:role="http://www.xbrl.org/2003/role/label" xlink:type="resource" xml:lang="de">FREIER CASHFLOW</label>
    <label xlink:label="label_zumtobel_ifrs-fullProceedsFromBorrowingsClassifiedAsFinancingActivities_Standard" id="zumtobel_ifrs-fullProceedsFromBorrowingsClassifiedAsFinancingActivities_Standard" xlink:role="http://www.xbrl.org/2003/role/label" xlink:type="resource" xml:lang="de">Einzahlungen aus der Aufnahme von lang- und kurzfristigen Finanzschulden</label>
    <label xlink:label="label_zumtobel_ifrs-fullRepaymentsOfBorrowingsClassifiedAsFinancingActivities_Standard" id="zumtobel_ifrs-fullRepaymentsOfBorrowingsClassifiedAsFinancingActivities_Standard" xlink:role="http://www.xbrl.org/2003/role/label" xlink:type="resource" xml:lang="de">Auszahlungen aus der Tilgung von lang- und kurzfristigen Finanzschulden</label>
    <label xlink:label="label_zumtobel_ifrs-fullDividendsPaidClassifiedAsFinancingActivities_Standard" id="zumtobel_ifrs-fullDividendsPaidClassifiedAsFinancingActivities_Standard" xlink:role="http://www.xbrl.org/2003/role/label" xlink:type="resource" xml:lang="de">An Aktionäre der Gesellschaft gezahlte Dividenden</label>
    <label xlink:label="label_zumtobel_ifrs-fullDividendsPaidToNoncontrollingInterestsClassifiedAsFinancingActivities_Standard" id="zumtobel_ifrs-fullDividendsPaidToNoncontrollingInterestsClassifiedAsFinancingActivities_Standard" xlink:role="http://www.xbrl.org/2003/role/label" xlink:type="resource" xml:lang="de">An nicht beherrschende (Minderheits-)Gesellschafter gezahlte Dividenden</label>
    <label xlink:label="label_zumtobel_ifrs-fullInterestPaidClassifiedAsFinancingActivities_Standard" id="zumtobel_ifrs-fullInterestPaidClassifiedAsFinancingActivities_Standard" xlink:role="http://www.xbrl.org/2003/role/label" xlink:type="resource" xml:lang="de">Gezahlte Zinsen</label>
    <label xlink:label="label_zumtobel_ifrs-fullCashFlowsFromUsedInFinancingActivities_Standard" id="zumtobel_ifrs-fullCashFlowsFromUsedInFinancingActivities_Standard" xlink:role="http://www.xbrl.org/2003/role/label" xlink:type="resource" xml:lang="de">Cashflow aus der Finanzierungstätigkeit</label>
    <label xlink:label="label_zumtobel_ifrs-fullIncreaseDecreaseInCashAndCashEquivalentsBeforeEffectOfExchangeRateChanges_Standard" id="zumtobel_ifrs-fullIncreaseDecreaseInCashAndCashEquivalentsBeforeEffectOfExchangeRateChanges_Standard" xlink:role="http://www.xbrl.org/2003/role/label" xlink:type="resource" xml:lang="de">VERÄNDERUNG DES FINANZMITTELBESTANDES</label>
    <label xlink:label="label_zumtobel_ifrs-fullCashAndCashEquivalents_PeriodStart" id="zumtobel_ifrs-fullCashAndCashEquivalents_PeriodStart" xlink:role="http://www.xbrl.org/2003/role/periodStartLabel" xlink:type="resource" xml:lang="de">Finanzmittelbestand am Anfang des Jahres</label>
    <label xlink:label="label_zumtobel_ifrs-fullCashAndCashEquivalents_PeriodEnd" id="zumtobel_ifrs-fullCashAndCashEquivalents_PeriodEnd" xlink:role="http://www.xbrl.org/2003/role/periodEndLabel" xlink:type="resource" xml:lang="de">Finanzmittelbestand am Ende des Jahres</label>
    <label xlink:label="label_zumtobel_ifrs-fullEffectOfExchangeRateChangesOnCashAndCashEquivalents_Standard" id="zumtobel_ifrs-fullEffectOfExchangeRateChangesOnCashAndCashEquivalents_Standard" xlink:role="http://www.xbrl.org/2003/role/label" xlink:type="resource" xml:lang="de">Einfluss von Wechselkursänderungen auf den Finanzmittelbestand</label>
    <label xlink:label="label_zumtobel_ifrs-fullIncreaseDecreaseInCashAndCashEquivalents_Standard" id="zumtobel_ifrs-fullIncreaseDecreaseInCashAndCashEquivalents_Standard" xlink:role="http://www.xbrl.org/2003/role/label" xlink:type="resource" xml:lang="de">Veränderung</label>
    <label xlink:label="label_IssuedCapitalMember" id="IssuedCapitalMember" xlink:role="http://www.xbrl.org/2003/role/label" xlink:type="resource" xml:lang="de">Grundkapital</label>
    <label xlink:label="label_CapitalReserveMember" id="CapitalReserveMember" xlink:role="http://www.xbrl.org/2003/role/label" xlink:type="resource" xml:lang="de">Kapitalrücklagen</label>
    <label xlink:label="label_RetainedEarningsMember" id="RetainedEarningsMember" xlink:role="http://www.xbrl.org/2003/role/label" xlink:type="resource" xml:lang="de">Sonstige Gewinnrücklagen</label>
    <label xlink:label="label_ReserveOfExchangeDifferencesOnTranslationMember" id="ReserveOfExchangeDifferencesOnTranslationMember" xlink:role="http://www.xbrl.org/2003/role/label" xlink:type="resource" xml:lang="de">Währungsrücklage</label>
    <label xlink:label="label_ReserveOfRemeasurementsOfDefinedBenefitPlansMember" id="ReserveOfRemeasurementsOfDefinedBenefitPlansMember" xlink:role="http://www.xbrl.org/2003/role/label" xlink:type="resource" xml:lang="de">Rücklage IAS 19</label>
    <label xlink:label="label_zumtobel_ifrs-fullEquity_PeriodStart" id="zumtobel_ifrs-fullEquity_PeriodStart" xlink:role="http://www.xbrl.org/2003/role/periodStartLabel" xlink:type="resource" xml:lang="de">Eigenkapital Stand</label>
    <label xlink:label="label_zumtobel_ifrs-fullProfitLoss_Verbose" id="zumtobel_ifrs-fullProfitLoss_Verbose" xlink:role="http://www.xbrl.org/2003/role/verboseLabel" xlink:type="resource" xml:lang="de">Grundkapital</label>
    <label xlink:label="label_zumtobel_ifrs-fullOtherComprehensiveIncome_Verbose" id="zumtobel_ifrs-fullOtherComprehensiveIncome_Verbose" xlink:role="http://www.xbrl.org/2003/role/verboseLabel" xlink:type="resource" xml:lang="de">sonstiges Ergebnis</label>
    <label xlink:label="label_zumtobel_ifrs-fullComprehensiveIncome_Total" id="zumtobel_ifrs-fullComprehensiveIncome_Total" xlink:role="http://www.xbrl.org/2003/role/totalLabel" xlink:type="resource" xml:lang="de">Gesamtergebnis</label>
    <label xlink:label="label_zumtobel_ifrs-fullDividendsPaid_Standard" id="zumtobel_ifrs-fullDividendsPaid_Standard" xlink:role="http://www.xbrl.org/2003/role/label" xlink:type="resource" xml:lang="de">+/- Dividenden</label>
    <label xlink:label="label_zumtobel_ifrs-fullEquity_PeriodEnd" id="zumtobel_ifrs-fullEquity_PeriodEnd" xlink:role="http://www.xbrl.org/2003/role/periodEndLabel" xlink:type="resource" xml:lang="de">Eigenkapital Stand</label>
    <label xlink:label="label_zumtobel_ifrs-fullComprehensiveIncome_Verbose" id="zumtobel_ifrs-fullComprehensiveIncome_Verbose" xlink:role="http://www.xbrl.org/2003/role/verboseLabel" xlink:type="resource" xml:lang="de">Gesamtergebnis</label>
    <label xlink:label="label_zumtobel_ifrs-fullDividendsPaid_Verbose" id="zumtobel_ifrs-fullDividendsPaid_Verbose" xlink:role="http://www.xbrl.org/2003/role/verboseLabel" xlink:type="resource" xml:lang="de">Grundkapital</label>
  </labelLink>
</linkbase>