﻿<?xml version="1.0" encoding="utf-8"?>
<tp:taxonomyPackage xml:lang="en" xmlns:tp="http://xbrl.org/2016/taxonomy-package" xmlns:xsi="http://www.w3.org/2001/XMLSchema-instance" xsi:schemaLocation="http://xbrl.org/2016/taxonomy-package http://www.xbrl.org/2016/taxonomy-package.xsd">
  <tp:identifier>http://zumtobelgroupag.com/xbrl/2022/20230430 (FBBAD103)</tp:identifier>
  <tp:name>2022-12-31_ZumtobelGroupAG_report</tp:name>
  <tp:description>XBRL Taxonomy prepared for the European Standard Electronic Format</tp:description>
  <tp:version>2023-04-30</tp:version>
  <tp:publisher>Zumtobel Group AG</tp:publisher>
  <tp:publisherURL>http://zumtobelgroupag.com/xbrl/2022</tp:publisherURL>
  <tp:publisherCountry>AT</tp:publisherCountry>
  <tp:publicationDate>2023-06-29</tp:publicationDate>
  <tp:entryPoints>
    <tp:entryPoint>
      <tp:name>Zumtobel Group AG XBRL Taxonomy for 2023-04-30</tp:name>
      <tp:description>Zumtobel Group AG XBRL report for 2023-04-30</tp:description>
      <tp:entryPointDocument href="http://zumtobelgroupag.com/xbrl/2022/zumtobel-2023-04-30.xsd" />
      <tp:entryPointDocument href="https://www.esma.europa.eu/taxonomy/2022-03-24/esef_cor-lab-de.xml" />
      <tp:entryPointDocument href="https://www.esma.europa.eu/taxonomy/2022-03-24/esef_cor-gen-de.xml" />
      <tp:entryPointDocument href="https://www.esma.europa.eu/taxonomy/2022-03-24/esef_cor-lab-de.xml" />
      <tp:entryPointDocument href="https://www.esma.europa.eu/taxonomy/2022-03-24/esef_cor-gen-de.xml" />
      <tp:languages>
        <tp:language>de</tp:language>
        <tp:language>de</tp:language>
      </tp:languages>
    </tp:entryPoint>
  </tp:entryPoints>
</tp:taxonomyPackage>